symbol,entry_time,exit_time,side,entry,exit,size,notional,commission,slippage,funding,bars_held,exit_reason,soft_sl,hard_sl,liquidation_price,entry_equity,pnl_return_pct,risk_pct,risk_mult,risk_reasons,pnl
LINK/USDT,2023-05-24 20:00:00,2023-05-25 00:00:00,short,6.32,6.31,281.155518,1775.23,1.4202,2.6628,-0.1437,1,soft_sl,6.3081,6.39,,1000.0,-0.059361,0.04763,1.191,daily:aligned|obv:aligned|vp:short_below_value,-0.59
LINK/USDT,2023-06-05 20:00:00,2023-06-06 00:00:00,short,6.05,6.01,245.084827,1478.08,1.1825,2.2171,0.0135,1,soft_sl,6.0118,6.11,,999.4064,0.596492,0.04899,1.225,market:trend|adx:strong|daily:aligned|obv:aligned|rsi:cold_short|vp:short_below_value,5.96
LINK/USDT,2023-06-10 08:00:00,2023-06-10 12:00:00,short,5.1,4.98,80.938992,408.07,0.3265,0.6121,0.0204,1,soft_sl,4.9813,5.15,,1005.3678,0.876334,0.02777,0.694,market:trend|adx:strong|daily:aligned|obv:aligned|vol:elevated|rsi:cold_short|vp:short_below_value|weekend|funding_window,8.81
TRX/USDT,2023-06-20 08:00:00,2023-06-20 12:00:00,short,0.07,0.07,27247.189996,1867.11,1.4937,2.8007,0.0934,1,soft_sl,0.0681,0.07,,1014.1782,1.850996,0.045,1.125,adx:trend|daily:aligned|obv:aligned|vp:short_below_value|funding_window,18.77
TRX/USDT,2023-06-20 16:00:00,2023-06-20 16:00:00,short,0.07,0.07,27582.154652,1915.72,1.5326,2.8736,0.0958,1,soft_sl,0.07,0.07,,1032.9505,-3.346384,0.045,1.125,adx:strong|daily:aligned|obv:aligned|vp:short_below_value|funding_window,-34.57
DOGE/USDT,2023-06-29 00:00:00,2023-06-29 04:00:00,short,0.06,0.06,12431.575592,776.08,0.6209,1.1641,0.0388,1,soft_sl,0.0624,0.06,,998.3841,-0.002746,0.03825,0.956,market:trend|adx:strong|daily:aligned|obv:aligned|vp:inside_value|funding_window|daily_close,-0.03
TRX/USDT,2023-07-04 16:00:00,2023-07-04 16:00:00,long,0.08,0.08,25964.010452,2048.17,1.6385,3.0723,0.1024,1,soft_sl,0.08,0.08,,998.3566,5.317393,0.04287,1.072,daily:aligned|obv:aligned|vp:long_above_value|funding_window,53.09
LINK/USDT,2023-07-11 00:00:00,2023-07-11 04:00:00,long,6.16,6.19,147.748787,912.48,0.73,1.3687,0.0456,1,soft_sl,6.1878,6.09,,1051.4432,0.130496,0.02826,0.706,daily:aligned|obv:against|vp:inside_value|funding_window|daily_close,1.37
LINK/USDT,2023-07-13 16:00:00,2023-07-13 20:00:00,long,6.61,6.92,202.353994,1368.64,1.0949,2.053,0.0684,1,soft_sl,6.9162,6.81,,1052.8153,5.559572,0.04208,1.052,market:trend|adx:trend|daily:aligned|obv:aligned|rsi:hot_long|vp:long_above_value|funding_window,58.53
LINK/USDT,2023-07-18 04:00:00,2023-07-18 08:00:00,long,7.09,7.15,128.081677,912.13,0.7297,1.3682,0.0912,1,soft_sl,7.15,6.96,,1111.3473,0.459365,0.04309,1.077,daily:aligned|obv:aligned|pattern:contra|vp:inside_value,5.11
DOGE/USDT,2023-07-21 20:00:00,2023-07-22 00:00:00,long,0.07,0.07,11724.528333,857.69,0.6862,1.2865,0.0465,1,soft_sl,0.0736,0.07,,1116.4524,0.729634,0.04309,1.077,daily:aligned|obv:aligned|vp:inside_value,8.15
DOGE/USDT,2023-07-26 00:00:00,2023-07-26 00:00:00,long,0.08,0.08,6183.175395,500.28,0.4002,0.7504,0.025,1,soft_sl,0.08,0.08,,1124.5985,-1.105198,0.03051,0.763,market:trend|adx:strong|daily:aligned|obv:aligned|vol:elevated|rsi:hot_long|vp:inside_value|funding_window|daily_close,-12.43
DOGE/USDT,2023-07-30 00:00:00,2023-07-30 00:00:00,long,0.08,0.08,6854.243567,549.02,0.4392,0.8235,0.0275,1,soft_sl,0.08,0.08,,1112.1694,-0.239267,0.02308,0.577,daily:aligned|obv:aligned|vp:inside_value|weekend|funding_window|daily_close,-2.66
LINK/USDT,2023-08-08 04:00:00,2023-08-08 08:00:00,long,7.34,7.43,174.449342,1288.07,1.0305,1.9321,0.1288,1,soft_sl,7.4253,7.3,,1109.5084,1.03111,0.04048,1.012,adx:trend|daily:aligned|obv:aligned|vp:long_below_value,11.44
LINK/USDT,2023-08-09 20:00:00,2023-08-10 00:00:00,long,7.67,7.74,189.593555,1460.98,1.1688,2.1915,0.073,1,soft_sl,7.7407,7.59,,1120.9486,0.872597,0.04977,1.244,market:trend|adx:trend|daily:aligned|obv:aligned|vp:inside_value,9.78
TRX/USDT,2023-08-16 00:00:00,2023-08-16 04:00:00,short,0.08,0.08,47137.069065,3594.89,2.8759,5.3923,0.1797,1,soft_sl,0.0762,0.08,,1130.73,-0.534521,0.03297,0.824,daily:aligned|obv:aligned|vp:inside_value|funding_window|daily_close,-6.04
TRX/USDT,2023-08-16 20:00:00,2023-08-17 00:00:00,short,0.08,0.07,63176.150396,4724.79,3.7798,7.0872,0.2233,1,soft_sl,0.0739,0.07,,1124.686,9.040668,0.05,1.25,market:trend|adx:strong|daily:aligned|obv:aligned|vp:short_below_value,101.68
TRX/USDT,2023-09-07 08:00:00,2023-09-07 08:00:00,long,0.08,0.08,43522.164101,3456.97,2.7656,5.1854,0.1728,1,soft_sl,0.08,0.08,,1226.3651,3.383283,0.04287,1.072,daily:aligned|obv:aligned|vp:long_above_value|funding_window,41.49
DOGE/USDT,2023-09-10 12:00:00,2023-09-10 12:00:00,short,0.06,0.06,28270.460049,1720.12,1.3761,2.5802,0.086,1,soft_sl,0.06,0.06,,1267.8565,3.449507,0.035,0.875,market:trend|adx:trend|daily:aligned|obv:aligned|vp:short_below_value|weekend,43.73
TRX/USDT,2023-09-12 16:00:00,2023-09-12 20:00:00,long,0.08,0.08,33004.94326,2713.82,2.1711,4.0707,0.1357,1,soft_sl,0.0823,0.08,,1311.5913,0.091275,0.04461,1.115,market:trend|adx:trend|daily:aligned|obv:aligned|rsi:hot_long|pattern:aligned|vp:long_above_value|funding_window,1.2
LINK/USDT,2023-09-25 20:00:00,2023-09-26 00:00:00,long,7.45,7.49,211.766395,1582.4,1.2659,2.3736,0.0839,1,soft_sl,7.4928,7.34,,1312.7885,0.374515,0.05,1.25,adx:strong|daily:aligned|obv:aligned|vp:long_above_value,4.92
LINK/USDT,2023-09-27 16:00:00,2023-09-27 20:00:00,long,7.58,7.68,137.364091,1048.15,0.8385,1.5722,0.0524,1,soft_sl,7.676,7.5,,1317.7051,0.76118,0.03657,0.914,adx:strong|daily:aligned|obv:against|pattern:strong_contra|vp:inside_value|funding_window,10.03
TRX/USDT,2023-09-27 16:00:00,2023-09-27 20:00:00,long,0.09,0.09,27681.010007,2365.32,1.8923,3.548,0.1183,1,soft_sl,0.0855,0.08,,1317.7051,-0.046858,0.02598,0.97,daily:aligned|obv:aligned|vp:inside_value|funding_window,-0.62
LINK/USDT,2023-09-30 16:00:00,2023-09-30 20:00:00,long,8.22,8.24,113.387205,932.83,0.7463,1.3992,0.0466,1,soft_sl,8.2359,8.06,,1327.1177,-0.012673,0.03086,0.772,market:trend|adx:strong|daily:aligned|obv:aligned|rsi:hot_long|vp:long_above_value|weekend|funding_window,-0.17
TRX/USDT,2023-10-02 04:00:00,2023-10-02 04:00:00,long,0.09,0.09,40633.228817,3661.46,2.9292,5.4922,0.1831,1,soft_sl,0.09,0.09,,1326.9495,-1.322111,0.04453,1.113,adx:strong|daily:aligned|obv:aligned|rsi:hot_long|vp:long_above_value,-17.54
DOGE/USDT,2023-10-09 12:00:00,2023-10-09 16:00:00,short,0.06,0.06,44969.056076,2636.23,2.109,3.9543,0.8544,1,soft_sl,0.0586,0.06,,1309.4058,-0.207199,0.04899,1.225,market:trend|adx:strong|daily:aligned|obv:aligned|rsi:cold_short|vp:short_below_value,-2.71
TRX/USDT,2023-10-16 04:00:00,2023-10-16 04:00:00,long,0.09,0.09,57417.043572,5080.26,4.0642,7.6204,0.254,1,soft_sl,0.09,0.09,,1306.6927,12.444334,0.0474,1.185,adx:strong|daily:aligned|obv:aligned|vp:inside_value,162.61
TRX/USDT,2023-10-16 12:00:00,2023-10-16 12:00:00,long,0.09,0.09,57181.545898,5078.58,4.0629,7.6179,0.2539,1,hard_sl,0.09,0.09,,1469.3019,8.411178,0.04432,1.108,market:trend|adx:strong|daily:aligned|obv:aligned|rsi:hot_long|vp:inside_value,123.59
LINK/USDT,2023-10-20 16:00:00,2023-10-20 20:00:00,long,7.63,7.68,279.606183,2140.17,1.7121,3.2103,0.107,1,soft_sl,7.6784,7.55,,1592.8875,0.534722,0.04479,1.12,market:trend|adx:trend|daily:aligned|obv:aligned|vp:inside_value|funding_window,8.52
LINK/USDT,2023-10-21 12:00:00,2023-10-21 20:00:00,long,8.05,8.89,198.562951,1682.57,1.3461,2.5239,0.1683,2,soft_sl,8.8945,8.75,,1601.4051,10.181843,0.035,0.875,market:trend|adx:strong|daily:aligned|obv:aligned|rsi:hot_long|pattern:aligned|vp:long_above_value|weekend,163.05
TRX/USDT,2023-10-24 04:00:00,2023-10-24 08:00:00,long,0.09,0.09,39933.5811,3718.92,2.9751,5.5784,0.3719,1,soft_sl,0.0934,0.09,,1764.4576,0.70611,0.04453,1.113,adx:strong|daily:aligned|obv:aligned|rsi:hot_long|vp:long_above_value,12.46
TRX/USDT,2023-10-31 08:00:00,2023-10-31 12:00:00,long,0.1,0.1,50537.385557,4859.12,3.8873,7.2887,0.243,1,soft_sl,0.0964,0.1,,1776.9166,1.001267,0.04266,1.067,adx:strong|daily:aligned|obv:aligned|pattern:contra|vp:inside_value|funding_window,17.79
DOGE/USDT,2023-11-06 20:00:00,2023-11-07 00:00:00,long,0.08,0.08,25608.201761,1953.27,1.5626,2.9299,0.0977,1,soft_sl,0.0765,0.07,,1794.7083,0.387044,0.04956,1.239,market:trend|adx:trend|daily:aligned|obv:aligned|rsi:hot_long|pattern:aligned|vp:long_above_value,6.95
DOGE/USDT,2023-11-11 12:00:00,2023-11-11 16:00:00,long,0.08,0.08,11748.685377,949.11,0.7593,1.4237,0.3546,1,soft_sl,0.0817,0.08,,1801.6546,1.012078,0.03466,0.866,market:trend|adx:trend|daily:aligned|obv:aligned|vol:elevated|vp:long_above_value|weekend,18.23
DOGE/USDT,2023-11-16 16:00:00,2023-11-16 20:00:00,long,0.08,0.08,14365.989524,1130.31,0.9042,1.6955,0.4031,1,soft_sl,0.0804,0.08,,1819.8888,2.565889,0.04456,1.114,market:trend|adx:trend|daily:aligned|obv:aligned|vol:elevated|pattern:contra|vp:long_above_value|funding_window,46.7
DOGE/USDT,2023-11-17 16:00:00,2023-11-17 20:00:00,long,0.08,0.08,9101.579436,744.75,0.5958,1.1171,0.0973,1,soft_sl,0.0836,0.08,,1866.5851,1.606472,0.0336,0.84,market:trend|adx:trend|daily:aligned|obv:aligned|vol:high|pattern:contra|vp:inside_value|funding_window,29.99
TRX/USDT,2023-11-20 16:00:00,2023-11-20 20:00:00,long,0.1,0.1,29327.275128,3044.36,2.4355,4.5665,0.1522,1,soft_sl,0.1039,0.1,,1896.5712,-0.140632,0.03324,0.831,daily:aligned|obv:against|pattern:contra|vp:inside_value|funding_window,-2.67
DOGE/USDT,2023-12-06 00:00:00,2023-12-06 04:00:00,long,0.09,0.1,14153.827592,1350.62,1.0805,2.0259,0.0675,1,soft_sl,0.0964,0.09,,1893.9041,1.36333,0.03825,0.956,market:trend|adx:strong|daily:aligned|obv:aligned|vp:long_above_value|funding_window|daily_close,25.82
LINK/USDT,2023-12-08 20:00:00,2023-12-09 00:00:00,long,16.79,16.99,81.066402,1369.49,1.0956,2.0542,0.5588,1,soft_sl,16.9929,16.49,,1919.7242,0.646731,0.04287,1.072,daily:aligned|obv:aligned|vol:elevated|vp:long_above_value,12.42
LINK/USDT,2023-12-23 20:00:00,2023-12-24 00:00:00,long,15.64,15.77,83.834367,1316.65,1.0533,1.975,0.427,1,soft_sl,15.7738,15.37,,1932.1397,0.414951,0.035,0.875,market:trend|adx:strong|daily:aligned|obv:aligned|vp:inside_value|weekend,8.02
LINK/USDT,2023-12-28 08:00:00,2023-12-28 12:00:00,long,16.96,17.29,66.421058,1137.38,0.9099,1.7061,0.0569,1,soft_sl,17.2866,16.72,,1940.1571,0.976753,0.03858,0.964,daily:aligned|obv:aligned|vol:elevated|vp:long_above_value|funding_window,18.95
DOGE/USDT,2024-01-02 08:00:00,2024-01-02 12:00:00,long,0.09,0.09,31448.793772,2954.73,2.3638,4.4321,0.1477,1,soft_sl,0.0944,0.09,,1959.1076,0.941821,0.045,1.125,market:trend|adx:strong|daily:aligned|obv:aligned|vp:inside_value|funding_window,18.45
LINK/USDT,2024-01-08 08:00:00,2024-01-08 12:00:00,short,13.49,13.25,90.543689,1210.26,0.9682,1.8154,0.0605,1,soft_sl,13.2472,13.71,,1977.5589,0.949769,0.04244,1.061,adx:strong|daily:aligned|obv:aligned|vol:elevated|pattern:contra|vp:short_below_value|funding_window,18.78
LINK/USDT,2024-01-15 08:00:00,2024-01-15 12:00:00,long,15.45,15.79,69.512962,1085.52,0.8684,1.6283,0.0543,1,soft_sl,15.7853,15.28,,1996.3412,1.050184,0.0349,0.873,daily:aligned|obv:aligned|vol:elevated|vp:inside_value|funding_window,20.97
DOGE/USDT,2024-01-19 00:00:00,2024-01-19 04:00:00,short,0.08,0.08,25302.671524,1956.81,1.5655,2.9352,0.0978,1,soft_sl,0.0766,0.08,,2017.3064,1.637788,0.03461,0.865,adx:trend|daily:aligned|obv:aligned|vp:inside_value|funding_window|daily_close,33.04
DOGE/USDT,2024-01-23 16:00:00,2024-01-23 20:00:00,short,0.08,0.08,19259.07812,1484.94,1.188,2.2274,0.0742,1,soft_sl,0.0767,0.08,,2050.3456,0.612248,0.04456,1.114,market:trend|adx:trend|daily:aligned|obv:aligned|vol:elevated|vp:short_below_value|funding_window,12.55
TRX/USDT,2024-01-27 08:00:00,2024-01-27 12:00:00,long,0.12,0.12,28100.351352,3234.89,2.5879,4.8523,0.1617,1,soft_sl,0.1152,0.11,,2062.8988,-0.125362,0.03121,0.78,market:trend|adx:strong|daily:aligned|obv:aligned|vp:inside_value|vp:near_poc|weekend|funding_window,-2.59
LINK/USDT,2024-01-30 20:00:00,2024-01-31 00:00:00,long,15.63,15.7,136.09734,2131.89,1.7055,3.1978,0.2132,1,soft_sl,15.6959,15.39,,2060.3128,0.167158,0.04048,1.012,daily:aligned|obv:aligned|rsi:hot_long|vp:long_above_value,3.44
LINK/USDT,2024-01-31 08:00:00,2024-01-31 12:00:00,long,15.82,15.93,134.085011,2128.96,1.7032,3.1934,0.1064,1,soft_sl,15.9304,15.61,,2063.7567,0.442373,0.04208,1.052,market:trend|adx:trend|daily:aligned|obv:aligned|rsi:hot_long|pattern:strong_contra|vp:long_above_value|funding_window,9.13
LINK/USDT,2024-02-01 20:00:00,2024-02-02 00:00:00,long,16.94,17.32,79.109137,1355.03,1.084,2.0326,0.1355,1,soft_sl,17.3204,16.84,,2072.8862,1.306121,0.03663,0.916,daily:aligned|obv:aligned|rsi:hot_long|vp:inside_value,27.07
DOGE/USDT,2024-02-05 04:00:00,2024-02-05 08:00:00,short,0.08,0.08,51214.887159,3998.62,3.1989,5.9979,-0.3999,1,soft_sl,0.078,0.08,,2099.9606,0.140806,0.0474,1.185,adx:strong|daily:aligned|obv:aligned|pattern:contra|vp:inside_value,2.96
LINK/USDT,2024-02-05 16:00:00,2024-02-05 20:00:00,long,19.28,19.36,78.148064,1509.96,1.208,2.2649,0.0755,1,soft_sl,19.3626,18.79,,2102.9175,0.134502,0.04266,1.067,adx:strong|daily:aligned|obv:aligned|vp:inside_value|funding_window,2.83
LINK/USDT,2024-02-11 08:00:00,2024-02-11 12:00:00,long,20.35,20.64,59.294406,1215.11,0.9721,1.8227,0.1215,1,soft_sl,20.6386,20.13,,2105.746,0.682467,0.02839,0.71,adx:trend|daily:aligned|obv:aligned|rsi:hot_long|pattern:aligned|vp:long_above_value|weekend|funding_window,14.37
TRX/USDT,2024-02-12 16:00:00,2024-02-12 20:00:00,long,0.13,0.13,49429.688307,6211.47,4.9692,9.3172,0.3106,1,soft_sl,0.1257,0.12,,2120.117,-0.629045,0.04266,1.067,adx:strong|daily:aligned|obv:aligned|vp:inside_value|funding_window,-13.34
DOGE/USDT,2024-02-15 08:00:00,2024-02-15 12:00:00,long,0.09,0.09,29737.914226,2553.41,2.0427,3.8301,0.1277,1,soft_sl,0.0861,0.08,,2106.7805,0.375073,0.045,1.125,market:trend|adx:trend|daily:aligned|obv:aligned|vp:long_above_value|funding_window,7.9
DOGE/USDT,2024-02-20 00:00:00,2024-02-20 00:00:00,long,0.09,0.09,21392.527808,1919.87,1.5359,2.8798,0.096,1,soft_sl,0.09,0.09,,2114.6825,0.302574,0.03236,0.809,market:trend|adx:trend|daily:aligned|obv:aligned|rsi:hot_long|pattern:contra|vp:inside_value|funding_window|daily_close,6.4
LINK/USDT,2024-02-27 00:00:00,2024-02-27 04:00:00,long,19.11,19.33,96.489972,1854.24,1.4834,2.7814,0.0927,1,soft_sl,19.3279,18.97,,2121.081,0.80378,0.03297,0.824,daily:aligned|obv:aligned|vp:inside_value|funding_window|daily_close,17.05
TRX/USDT,2024-02-27 08:00:00,2024-02-27 12:00:00,long,0.14,0.14,42862.347108,6052.45,4.842,9.0787,0.3026,1,soft_sl,0.1416,0.14,,2138.1298,0.885389,0.03461,0.865,adx:trend|daily:aligned|obv:aligned|rsi:hot_long|pattern:contra|vp:inside_value|funding_window,18.93
LINK/USDT,2024-03-11 04:00:00,2024-03-11 08:00:00,long,21.25,21.5,56.87819,1215.83,0.9727,1.8238,0.7167,1,soft_sl,21.5002,20.77,,2157.0606,0.491596,0.03858,0.964,adx:trend|daily:aligned|obv:against|vol:elevated|pattern:strong_contra|vp:long_above_value,10.6
LINK/USDT,2024-03-19 12:00:00,2024-03-19 16:00:00,short,17.33,17.28,59.261916,1025.47,0.8204,1.5382,0.0513,1,soft_sl,17.2752,18.07,,2167.6646,0.046846,0.04322,1.081,market:trend|adx:strong|daily:aligned|obv:aligned|vol:high|pattern:contra|vp:short_below_value,1.02
TRX/USDT,2024-03-19 12:00:00,2024-03-19 20:00:00,short,0.12,0.12,21622.067103,2550.33,2.0403,3.8255,-0.255,2,soft_sl,0.1167,0.12,,2167.6646,2.23387,0.03282,1.225,market:trend|adx:strong|daily:aligned|obv:aligned|rsi:cold_short|vp:short_below_value,48.42
DOGE/USDT,2024-03-25 20:00:00,2024-03-26 00:00:00,long,0.18,0.18,5433.595716,983.63,0.7869,1.4755,0.3406,1,soft_sl,0.1816,0.17,,2217.1029,0.151323,0.03751,0.938,adx:trend|daily:aligned|obv:aligned|vol:high|vp:long_above_value,3.35
DOGE/USDT,2024-03-28 08:00:00,2024-03-28 12:00:00,long,0.2,0.22,4487.197939,937.92,0.7503,1.4069,0.0469,1,soft_sl,0.2178,0.21,,2220.4579,3.461564,0.03536,0.884,adx:strong|daily:aligned|obv:aligned|vol:high|vp:long_above_value|funding_window,76.86
LINK/USDT,2024-04-02 08:00:00,2024-04-02 12:00:00,short,18.31,17.81,97.549251,1761.58,1.4093,2.6424,-0.1762,1,soft_sl,17.8068,18.26,,2297.3204,1.968001,0.03878,0.97,daily:aligned|obv:aligned|pattern:contra|vp:inside_value|funding_window,45.21
TRX/USDT,2024-04-02 08:00:00,2024-04-02 12:00:00,short,0.12,0.12,33035.101734,3865.26,3.0922,5.7979,0.0863,1,soft_sl,0.1163,0.12,,2297.3204,1.638262,0.02851,1.064,market:trend|adx:trend|daily:aligned|obv:aligned|vp:inside_value|vp:near_poc|funding_window,37.64
TRX/USDT,2024-04-02 16:00:00,2024-04-02 20:00:00,short,0.12,0.12,50855.407267,5891.05,4.7128,8.8366,0.2946,1,soft_sl,0.1158,0.12,,2380.1679,-0.236573,0.04409,1.102,market:trend|adx:strong|daily:aligned|obv:aligned|rsi:cold_short|vp:short_below_value|funding_window,-5.63
DOGE/USDT,2024-04-07 08:00:00,2024-04-07 12:00:00,long,0.2,0.2,4521.595669,889.42,0.7115,1.3341,0.0445,1,soft_sl,0.1981,0.19,,2374.537,0.442869,0.02565,0.641,adx:trend|daily:aligned|obv:aligned|vol:elevated|vp:inside_value|weekend|funding_window,10.52
DOGE/USDT,2024-04-07 20:00:00,2024-04-08 00:00:00,long,0.2,0.2,5431.907651,1078.33,0.8627,1.6175,0.0539,1,soft_sl,0.2,0.19,,2385.0531,0.571302,0.03136,0.784,market:trend|adx:trend|daily:aligned|obv:aligned|vol:elevated|vp:inside_value|weekend,13.63
TRX/USDT,2024-04-10 20:00:00,2024-04-11 00:00:00,short,0.12,0.12,37844.596263,4493.88,3.5951,6.7408,-0.7795,1,soft_sl,0.1186,0.12,,2398.679,0.057558,0.04309,1.077,daily:aligned|obv:aligned|vp:inside_value,1.38
TRX/USDT,2024-04-13 00:00:00,2024-04-13 04:00:00,short,0.11,0.11,16535.325165,1887.42,1.5099,2.8311,0.0944,1,soft_sl,0.1134,0.12,,2400.0596,0.78731,0.0255,0.638,daily:aligned|obv:aligned|vp:short_below_value|weekend|funding_window|daily_close,18.9
TRX/USDT,2024-04-19 08:00:00,2024-04-19 12:00:00,short,0.11,0.11,28979.650521,3136.84,2.5095,4.7053,0.1568,1,soft_sl,0.1082,0.11,,2418.9555,-0.26401,0.045,1.125,adx:strong|daily:aligned|obv:aligned|vp:short_below_value|funding_window,-6.39
DOGE/USDT,2024-04-27 08:00:00,2024-04-27 12:00:00,short,0.14,0.14,9444.137083,1361.57,1.0893,2.0424,-0.078,1,soft_sl,0.1433,0.15,,2412.5692,0.522267,0.03136,0.784,market:trend|adx:trend|daily:aligned|obv:aligned|vp:inside_value|weekend|funding_window,12.6
LINK/USDT,2024-04-27 08:00:00,2024-04-27 12:00:00,short,14.11,13.96,59.935496,841.17,0.6729,1.2618,-0.0514,1,soft_sl,13.9602,14.33,,2412.5692,0.29148,0.01819,0.679,daily:aligned|obv:aligned|vp:inside_value|weekend|funding_window,7.03
DOGE/USDT,2024-04-30 16:00:00,2024-04-30 20:00:00,short,0.13,0.13,13864.363343,1830.73,1.4646,2.7461,0.0915,1,soft_sl,0.1298,0.13,,2432.2014,2.381424,0.045,1.125,market:trend|adx:strong|daily:aligned|obv:aligned|vp:short_below_value|funding_window,57.92
LINK/USDT,2024-04-30 16:00:00,2024-04-30 20:00:00,short,13.08,12.81,98.31225,1272.93,1.0183,1.9094,0.0636,1,soft_sl,12.8127,13.14,,2432.2014,0.969591,0.02685,1.002,adx:strong|daily:aligned|obv:aligned|rsi:cold_short|vp:short_below_value|funding_window,23.58
LINK/USDT,2024-05-01 12:00:00,2024-05-01 16:00:00,short,12.94,12.76,171.481854,2202.94,1.7623,3.3044,-0.2203,1,soft_sl,12.756,13.12,,2513.7049,1.042299,0.05,1.25,market:trend|adx:strong|daily:aligned|obv:aligned|pattern:contra|vp:short_below_value,26.2
TRX/USDT,2024-05-09 16:00:00,2024-05-09 20:00:00,long,0.13,0.13,42575.059974,5389.29,4.3114,8.0839,0.2695,1,soft_sl,0.1267,0.13,,2539.9052,-0.085439,0.04208,1.052,market:trend|adx:trend|daily:aligned|obv:aligned|rsi:hot_long|vp:long_above_value|funding_window,-2.17
DOGE/USDT,2024-05-13 08:00:00,2024-05-13 12:00:00,short,0.14,0.14,12733.515452,1811.91,1.4495,2.7179,-0.1812,1,soft_sl,0.1419,0.15,,2537.7351,0.209715,0.03878,0.97,daily:aligned|obv:aligned|pattern:contra|vp:inside_value|funding_window,5.32
TRX/USDT,2024-05-27 12:00:00,2024-05-27 12:00:00,short,0.11,0.11,55909.861926,6187.54,4.95,9.2813,0.3094,1,soft_sl,0.11,0.11,,2543.0571,2.374248,0.04453,1.113,adx:strong|daily:aligned|obv:aligned|rsi:cold_short|vp:short_below_value,60.38
TRX/USDT,2024-05-28 12:00:00,2024-05-28 12:00:00,short,0.11,0.11,60716.58776,6732.86,5.3863,10.0993,0.3366,1,soft_sl,0.11,0.11,,2603.4356,3.543521,0.05,1.25,adx:strong|daily:aligned|obv:aligned|pattern:contra|vp:short_below_value,92.25
DOGE/USDT,2024-06-15 00:00:00,2024-06-15 04:00:00,short,0.13,0.13,9790.740752,1316.54,1.0532,1.9748,0.0658,1,soft_sl,0.1341,0.14,,2695.6889,0.184687,0.02677,0.669,adx:strong|daily:aligned|obv:aligned|vp:short_below_value|weekend|funding_window|daily_close,4.98
LINK/USDT,2024-06-15 00:00:00,2024-06-15 04:00:00,short,14.74,14.7,60.739759,893.94,0.7152,1.3409,0.0447,1,soft_sl,14.7002,15.1,,2695.6889,0.000594,0.01794,0.669,adx:strong|daily:aligned|obv:aligned|vp:short_below_value|weekend|funding_window|daily_close,0.02
LINK/USDT,2024-06-17 16:00:00,2024-06-17 20:00:00,short,14.28,14.04,190.017166,2691.27,2.153,4.0369,0.1346,1,soft_sl,14.0426,14.36,,2700.6835,1.464283,0.045,1.125,adx:strong|daily:aligned|obv:aligned|pattern:contra|vp:short_below_value|funding_window,39.55
DOGE/USDT,2024-06-17 20:00:00,2024-06-18 00:00:00,short,0.13,0.13,12304.098369,1609.38,1.2875,2.4141,-0.0215,1,soft_sl,0.1291,0.13,,2623.7266,1.454185,0.03009,1.123,adx:strong|daily:aligned|obv:against|vp:short_below_value,38.15
DOGE/USDT,2024-06-18 08:00:00,2024-06-18 12:00:00,short,0.12,0.12,13538.869712,1640.1,1.3121,2.4601,0.082,1,soft_sl,0.1196,0.12,,2778.383,1.352395,0.03968,0.992,market:trend|adx:strong|daily:aligned|obv:aligned|vol:elevated|rsi:cold_short|vp:short_below_value|funding_window,37.57
LINK/USDT,2024-06-18 08:00:00,2024-06-18 12:00:00,short,13.72,13.48,97.912307,1331.54,1.0652,1.9973,0.0666,1,soft_sl,13.4756,13.9,,2778.383,0.759056,0.03015,1.125,market:trend|adx:strong|daily:aligned|obv:aligned|vol:elevated|vp:short_below_value|funding_window,21.09
DOGE/USDT,2024-06-24 12:00:00,2024-06-24 16:00:00,short,0.12,0.12,24537.025003,2865.65,2.2925,4.2985,-0.1985,1,soft_sl,0.1164,0.12,,2837.0472,0.399554,0.05,1.25,adx:strong|daily:aligned|obv:aligned|vp:short_below_value,11.34
DOGE/USDT,2024-07-04 08:00:00,2024-07-04 12:00:00,short,0.11,0.11,20135.343152,2236.4,1.7891,3.3546,0.1118,1,soft_sl,0.1101,0.11,,2848.3828,1.245558,0.03862,0.966,daily:aligned|obv:aligned|rsi:cold_short|pattern:aligned|vp:short_below_value|funding_window,35.48
LINK/USDT,2024-07-04 08:00:00,2024-07-04 12:00:00,short,13.14,13.03,111.259862,1455.84,1.1647,2.1838,0.0728,1,soft_sl,13.0252,13.39,,2848.3828,0.348031,0.02872,1.072,daily:aligned|obv:aligned|vp:short_below_value|funding_window,9.91
DOGE/USDT,2024-07-22 04:00:00,2024-07-22 08:00:00,long,0.14,0.14,17899.802178,2541.36,2.0331,3.812,0.2541,1,soft_sl,0.1425,0.14,,2893.7743,0.404388,0.04899,1.225,market:trend|adx:strong|daily:aligned|obv:aligned|rsi:hot_long|vp:long_above_value,11.7
DOGE/USDT,2024-07-25 08:00:00,2024-07-25 12:00:00,short,0.12,0.12,13029.785255,1607.43,1.2859,2.4111,0.0804,1,soft_sl,0.1232,0.13,,2905.4764,0.052958,0.0349,0.873,daily:aligned|obv:aligned|vol:elevated|vp:inside_value|funding_window,1.54
LINK/USDT,2024-07-25 08:00:00,2024-07-25 12:00:00,short,13.02,12.89,137.611146,1782.94,1.4264,2.6744,0.0891,1,soft_sl,12.8948,13.21,,2905.4764,0.439538,0.03001,1.12,market:trend|adx:trend|daily:aligned|obv:aligned|vp:inside_value|funding_window,12.77
TRX/USDT,2024-07-29 00:00:00,2024-07-29 00:00:00,long,0.14,0.14,45753.743055,6370.06,5.0961,9.5551,0.3185,1,soft_sl,0.14,0.14,,2919.7857,1.91619,0.02869,0.717,adx:trend|daily:aligned|obv:aligned|pattern:contra|vp:long_above_value|weekly_open|funding_window|daily_close,55.95
LINK/USDT,2024-08-01 20:00:00,2024-08-02 00:00:00,short,12.41,12.33,252.998208,3130.61,2.5045,4.6959,-0.1397,1,soft_sl,12.3341,12.63,,2975.7344,0.442038,0.05,1.25,market:trend|adx:trend|daily:aligned|obv:aligned|vp:short_below_value,13.15
LINK/USDT,2024-08-02 20:00:00,2024-08-03 00:00:00,short,11.91,11.8,205.901106,2440.7,1.9526,3.661,-0.1532,1,soft_sl,11.8014,12.16,,2988.8882,0.537543,0.04951,1.238,market:trend|adx:trend|daily:aligned|obv:aligned|vol:elevated|vp:short_below_value,16.07
DOGE/USDT,2024-08-04 20:00:00,2024-08-05 00:00:00,short,0.1,0.1,14123.809936,1472.1,1.1777,2.2082,0.1083,1,soft_sl,0.1037,0.11,,3004.9548,0.355149,0.035,0.875,market:trend|adx:strong|daily:aligned|obv:aligned|vol:elevated|pattern:strong_contra|vp:short_below_value|weekend,10.67
LINK/USDT,2024-08-04 20:00:00,2024-08-05 00:00:00,short,11.07,10.82,86.06415,942.26,0.7538,1.4134,-0.0146,1,soft_sl,10.8246,11.19,,3004.9548,0.636794,0.02068,0.772,market:trend|adx:strong|daily:aligned|obv:aligned|vol:elevated|rsi:cold_short|pattern:strong_contra|vp:short_below_value|weekend,19.14
TRX/USDT,2024-08-05 08:00:00,2024-08-05 08:00:00,short,0.12,0.12,32405.338521,3895.28,3.1162,5.8429,0.1948,1,soft_sl,0.12,0.12,,3034.7622,0.136165,0.04409,1.102,market:trend|adx:strong|daily:aligned|obv:aligned|rsi:cold_short|pattern:contra|vp:short_below_value|funding_window,4.13
TRX/USDT,2024-08-10 08:00:00,2024-08-10 08:00:00,long,0.13,0.13,36598.670052,4735.87,3.7887,7.1038,0.2368,1,soft_sl,0.13,0.13,,3038.8945,1.078982,0.02715,0.679,daily:aligned|obv:aligned|vp:inside_value|weekend|funding_window,32.79
TRX/USDT,2024-08-13 08:00:00,2024-08-13 12:00:00,short,0.13,0.13,68036.260566,8595.58,6.8765,12.8934,0.4298,1,soft_sl,0.1262,0.13,,3071.6836,-0.073968,0.03878,0.97,daily:aligned|obv:aligned|vp:inside_value|funding_window,-2.27
TRX/USDT,2024-08-19 16:00:00,2024-08-19 16:00:00,long,0.14,0.14,49221.613748,6875.28,5.5002,10.3129,0.3438,1,soft_sl,0.14,0.14,,3069.4115,0.499931,0.04208,1.052,market:trend|adx:trend|daily:aligned|obv:aligned|rsi:hot_long|vp:long_above_value|funding_window,15.34
TRX/USDT,2024-08-25 20:00:00,2024-08-26 00:00:00,long,0.16,0.17,15011.987445,2491.84,1.9935,3.7378,0.2492,1,soft_sl,0.167,0.16,,3084.7565,0.769941,0.03318,0.83,adx:strong|daily:aligned|obv:aligned|vp:inside_value|weekend,23.75
DOGE/USDT,2024-08-28 04:00:00,2024-08-28 08:00:00,short,0.1,0.1,31141.89884,3078.11,2.4625,4.6172,0.0603,1,soft_sl,0.0982,0.1,,3108.5073,1.149826,0.04977,1.244,market:trend|adx:trend|daily:aligned|obv:aligned|vp:inside_value,35.74
LINK/USDT,2024-08-28 04:00:00,2024-08-28 08:00:00,short,11.18,10.99,182.924248,2028.36,1.6227,3.0425,-0.001,1,soft_sl,10.995,11.28,,3108.5073,0.950379,0.0335,1.25,market:trend|adx:strong|daily:aligned|obv:aligned|vp:inside_value,29.54
DOGE/USDT,2024-09-02 04:00:00,2024-09-02 08:00:00,short,0.1,0.09,34699.407387,3285.53,2.6284,4.9283,0.1643,1,soft_sl,0.0942,0.1,,3173.7923,0.816144,0.05,1.25,adx:strong|daily:aligned|obv:aligned|vp:short_below_value,25.9
LINK/USDT,2024-09-02 04:00:00,2024-09-02 08:00:00,short,10.47,10.35,194.575719,2025.35,1.6203,3.038,0.1013,1,soft_sl,10.3492,10.61,,3173.7923,0.584799,0.03176,1.185,adx:strong|daily:aligned|obv:aligned|vp:inside_value,18.56
LINK/USDT,2024-09-06 20:00:00,2024-09-07 00:00:00,short,9.51,9.31,314.25494,2957.31,2.3658,4.436,0.3495,1,soft_sl,9.3111,9.56,,3218.2554,1.719999,0.04899,1.225,market:trend|adx:strong|daily:aligned|obv:aligned|rsi:cold_short|vp:short_below_value,55.35
DOGE/USDT,2024-09-07 00:00:00,2024-09-07 04:00:00,short,0.09,0.09,11612.190301,1069.78,0.8558,1.6047,0.0535,1,soft_sl,0.0918,0.09,,3200.0286,0.149689,0.01794,0.669,market:trend|adx:trend|daily:aligned|obv:aligned|pattern:contra|vp:short_below_value|weekend|funding_window|daily_close,4.79
LINK/USDT,2024-09-20 12:00:00,2024-09-20 16:00:00,long,11.6,11.67,370.033856,4305.92,3.4447,6.4589,0.4306,1,soft_sl,11.6731,11.45,,3278.3994,0.509861,0.05,1.25,market:trend|adx:trend|daily:aligned|obv:aligned|vp:long_above_value,16.72
LINK/USDT,2024-09-26 20:00:00,2024-09-27 00:00:00,long,12.62,12.66,254.295523,3213.23,2.5706,4.8199,0.3213,1,soft_sl,12.6566,12.39,,3295.1147,0.087391,0.04048,1.012,daily:aligned|obv:aligned|rsi:hot_long|vp:long_above_value,2.88
DOGE/USDT,2024-09-27 00:00:00,2024-09-27 04:00:00,long,0.12,0.12,12678.62146,1504.78,1.2038,2.2572,0.0752,1,soft_sl,0.1192,0.12,,3280.3655,0.322568,0.02075,0.774,daily:aligned|obv:aligned|rsi:hot_long|vp:long_above_value|funding_window|daily_close,10.58
DOGE/USDT,2024-09-28 20:00:00,2024-09-29 00:00:00,long,0.13,0.13,14932.269368,1950.41,1.5603,2.9256,0.0975,1,soft_sl,0.1311,0.13,,3308.5757,0.310305,0.035,0.875,market:trend|adx:strong|daily:aligned|obv:aligned|vp:long_above_value|weekend,10.27
DOGE/USDT,2024-10-06 20:00:00,2024-10-06 20:00:00,long,0.11,0.11,20995.527989,2316.02,1.8528,3.474,0.1158,1,soft_sl,0.11,0.11,,3318.8424,-0.556214,0.03167,0.792,adx:trend|daily:aligned|obv:aligned|vp:inside_value|weekend,-18.46
DOGE/USDT,2024-10-07 08:00:00,2024-10-07 12:00:00,long,0.11,0.11,25316.951737,2885.98,2.3088,4.329,0.1443,1,soft_sl,0.1144,0.11,,3300.3825,0.368291,0.03878,0.97,daily:aligned|obv:aligned|vp:inside_value|funding_window,12.16
TRX/USDT,2024-10-08 20:00:00,2024-10-08 20:00:00,long,0.16,0.16,66213.797901,10587.59,8.4701,15.8814,0.5294,1,soft_sl,0.16,0.16,,3312.5376,-0.351334,0.04291,1.073,daily:aligned|obv:aligned|rsi:hot_long|pattern:aligned|vp:long_above_value,-11.64
TRX/USDT,2024-10-09 00:00:00,2024-10-09 00:00:00,long,0.16,0.16,55678.92523,8909.46,7.1276,13.3642,0.4455,1,soft_sl,0.16,0.16,,3300.8995,-0.684892,0.03577,0.894,market:trend|adx:trend|daily:aligned|obv:aligned|rsi:hot_long|vp:long_above_value|funding_window|daily_close,-22.61
LINK/USDT,2024-10-22 12:00:00,2024-10-22 16:00:00,long,12.18,12.32,328.050437,4018.67,3.2149,6.028,0.4019,1,soft_sl,12.3173,12.08,,3278.2919,1.049704,0.04763,1.191,daily:aligned|obv:aligned|vp:long_above_value,34.41
DOGE/USDT,2024-10-28 20:00:00,2024-10-29 00:00:00,long,0.16,0.16,15046.494604,2418.11,1.9345,3.6272,0.2418,1,soft_sl,0.1621,0.16,,3312.7043,1.114302,0.04291,1.073,daily:aligned|obv:aligned|rsi:hot_long|pattern:aligned|vp:long_above_value,36.91
TRX/USDT,2024-10-30 20:00:00,2024-10-30 20:00:00,long,0.17,0.17,47346.736157,8039.71,6.4318,12.0596,0.402,1,soft_sl,0.17,0.17,,3349.6178,-0.01278,0.03133,1.169,market:trend|adx:trend|daily:aligned|obv:aligned|rsi:hot_long|vp:long_above_value,-0.43
LINK/USDT,2024-10-30 20:00:00,2024-10-31 00:00:00,long,12.25,12.43,296.092617,3653.09,2.9225,5.4796,0.3653,1,soft_sl,12.4273,12.16,,3349.6178,1.323637,0.04763,1.191,daily:aligned|obv:aligned|vp:long_above_value,44.34
LINK/USDT,2024-11-03 20:00:00,2024-11-04 00:00:00,short,10.72,10.66,190.219495,2033.68,1.6269,3.0505,0.0505,1,soft_sl,10.6644,10.92,,3393.5265,0.160844,0.02834,0.708,daily:aligned|obv:aligned|rsi:cold_short|vp:short_below_value|weekend,5.46
DOGE/USDT,2024-11-05 20:00:00,2024-11-06 00:00:00,long,0.17,0.17,8563.681173,1457.01,1.1656,2.1855,0.1457,1,soft_sl,0.1724,0.17,,3398.9848,1.059989,0.03572,0.893,daily:aligned|obv:aligned|vol:high|vp:long_above_value,36.03
TRX/USDT,2024-11-10 12:00:00,2024-11-10 16:00:00,long,0.17,0.17,47335.085185,7859.53,6.2876,11.7893,0.786,1,soft_sl,0.1664,0.17,,3435.0136,0.305925,0.03334,0.833,daily:aligned|obv:aligned|vp:long_above_value|weekend,10.51
LINK/USDT,2024-11-23 04:00:00,2024-11-23 08:00:00,long,16.78,17.02,81.264463,1373.43,1.0987,2.0601,0.4627,1,soft_sl,17.0184,16.39,,3445.5222,0.450211,0.02946,0.736,market:trend|adx:trend|daily:aligned|obv:aligned|vol:elevated|rsi:hot_long|vp:long_above_value|weekend,15.51
DOGE/USDT,2024-11-23 08:00:00,2024-11-23 12:00:00,long,0.46,0.48,1283.721037,603.28,0.4826,0.9049,0.0302,1,soft_sl,0.4781,0.46,,3464.6193,0.564719,0.01551,0.579,market:trend|adx:strong|daily:aligned|obv:aligned|vol:high|rsi:hot_long|vp:long_above_value|weekend|funding_window,19.57
LINK/USDT,2024-12-01 00:00:00,2024-12-01 04:00:00,long,19.02,19.11,69.519258,1325.45,1.0604,1.9882,0.0663,1,soft_sl,19.1148,18.51,,3480.5996,0.105749,0.0241,0.603,adx:trend|daily:aligned|obv:aligned|vol:elevated|vp:long_above_value|weekend|funding_window|daily_close,3.68
LINK/USDT,2024-12-02 12:00:00,2024-12-02 16:00:00,long,19.78,21.55,89.469905,1849.05,1.4792,2.7736,0.5938,1,soft_sl,21.5524,20.8,,3484.2804,4.40953,0.03858,0.964,adx:trend|daily:aligned|obv:against|vol:elevated|pattern:strong_contra|vp:long_above_value,153.64
LINK/USDT,2024-12-12 12:00:00,2024-12-12 16:00:00,long,27.85,28.41,49.65606,1396.94,1.1176,2.0954,0.0698,1,soft_sl,28.4108,26.9,,3637.9207,0.669701,0.04126,1.031,market:trend|adx:trend|daily:aligned|obv:aligned|vol:high|vp:long_above_value,24.36
LINK/USDT,2024-12-13 08:00:00,2024-12-13 12:00:00,long,28.92,29.02,36.850836,1067.58,0.8541,1.6014,0.0534,1,soft_sl,29.0226,27.35,,3662.2839,0.036697,0.0336,0.84,market:trend|adx:trend|daily:aligned|obv:aligned|vol:high|vp:inside_value|funding_window,1.34
DOGE/USDT,2025-01-03 20:00:00,2025-01-04 00:00:00,long,0.38,0.39,9545.321639,3662.39,2.9299,5.4936,0.3662,1,soft_sl,0.3879,0.38,,3663.6279,1.961408,0.05,1.25,market:trend|adx:strong|daily:aligned|obv:aligned|rsi:hot_long|pattern:aligned|vp:long_above_value,71.86
LINK/USDT,2025-01-03 20:00:00,2025-01-04 00:00:00,long,23.78,23.81,93.30112,2220.08,1.7761,3.3301,0.222,1,soft_sl,23.8075,23.15,,3663.6279,-0.080494,0.03335,1.244,market:trend|adx:trend|daily:aligned|obv:aligned|vp:inside_value,-2.95
LINK/USDT,2025-01-06 08:00:00,2025-01-06 12:00:00,long,23.51,23.77,130.524512,3085.96,2.4688,4.6289,0.3086,1,soft_sl,23.7745,23.16,,3732.5376,0.723018,0.04266,1.067,adx:strong|daily:aligned|obv:aligned|vp:inside_value|funding_window,26.99
LINK/USDT,2025-01-06 20:00:00,2025-01-07 00:00:00,long,23.89,24.03,135.798224,3253.94,2.6032,4.8809,0.3254,1,soft_sl,24.0292,23.37,,3759.5245,0.280452,0.0474,1.185,adx:strong|daily:aligned|obv:aligned|vp:inside_value,10.54
LINK/USDT,2025-01-09 00:00:00,2025-01-09 04:00:00,short,20.42,20.23,102.653168,2086.7,1.6694,3.1301,0.1043,1,soft_sl,20.2304,20.93,,3770.0681,0.399932,0.03825,0.956,market:trend|adx:strong|daily:aligned|obv:aligned|vol:elevated|vp:short_below_value|funding_window|daily_close,15.08
DOGE/USDT,2025-01-13 16:00:00,2025-01-13 20:00:00,short,0.32,0.32,6474.238203,2083.98,1.6672,3.126,0.1042,1,soft_sl,0.3193,0.33,,3785.1458,0.750206,0.0349,0.873,daily:aligned|obv:aligned|vol:elevated|vp:inside_value|funding_window,28.4
DOGE/USDT,2025-01-15 20:00:00,2025-01-16 00:00:00,long,0.38,0.39,7093.882194,2706.21,2.165,4.0593,0.1488,1,soft_sl,0.386,0.37,,3813.5422,1.519975,0.04287,1.072,daily:aligned|obv:aligned|vol:elevated|vp:long_above_value,57.96
LINK/USDT,2025-01-16 20:00:00,2025-01-17 00:00:00,long,23.7,23.77,118.928594,2823.01,2.2584,4.2345,0.1412,1,soft_sl,23.771,23.05,,3871.5071,0.037533,0.04409,1.102,market:trend|adx:strong|daily:aligned|obv:aligned|vol:elevated|rsi:hot_long|vp:long_above_value,1.45
DOGE/USDT,2025-01-17 16:00:00,2025-01-17 20:00:00,long,0.41,0.42,5705.287831,2377.47,1.902,3.5662,0.2377,1,soft_sl,0.4205,0.41,,3872.9602,0.982104,0.03787,0.947,market:trend|adx:trend|daily:aligned|obv:aligned|vol:elevated|rsi:hot_long|vp:long_above_value|funding_window,38.04
TRX/USDT,2025-01-19 16:00:00,2025-01-19 20:00:00,short,0.24,0.24,7393.114946,1777.5,1.422,2.6663,0.0889,1,soft_sl,0.2403,0.25,,3910.9967,-0.060208,0.02443,0.611,adx:trend|daily:aligned|obv:against|pattern:contra|vp:inside_value|weekend|funding_window,-2.35
TRX/USDT,2025-01-31 20:00:00,2025-02-01 00:00:00,long,0.25,0.25,22895.559762,5823.2,4.6586,8.7348,0.5823,1,soft_sl,0.2545,0.25,,3908.642,-0.208188,0.04309,1.077,daily:aligned|obv:aligned|pattern:contra|vp:inside_value,-8.14
DOGE/USDT,2025-02-02 04:00:00,2025-02-02 08:00:00,short,0.3,0.3,5331.055167,1588.12,1.2705,2.3822,-0.0246,1,soft_sl,0.2972,0.31,,3900.5047,0.084732,0.0255,0.638,daily:aligned|obv:aligned|vol:elevated|rsi:cold_short|vp:short_below_value|weekend,3.3
DOGE/USDT,2025-02-02 16:00:00,2025-02-02 20:00:00,short,0.29,0.27,6243.979009,1754.31,1.4035,2.6315,0.0877,1,soft_sl,0.2674,0.28,,3903.8096,4.228605,0.03119,0.78,market:trend|adx:trend|daily:aligned|obv:aligned|vol:elevated|vp:short_below_value|weekend|funding_window,165.08
TRX/USDT,2025-02-03 00:00:00,2025-02-03 04:00:00,short,0.23,0.21,11372.762519,2450.84,1.9607,3.6763,0.1225,1,soft_sl,0.2055,0.21,,4068.8863,5.436682,0.02811,0.703,market:trend|adx:strong|daily:aligned|obv:aligned|rsi:cold_short|vp:short_below_value|weekly_open|funding_window|daily_close,221.21
DOGE/USDT,2025-02-18 20:00:00,2025-02-19 00:00:00,short,0.25,0.25,13004.275954,3202.18,2.5617,4.8033,-0.0369,1,soft_sl,0.2457,0.25,,4290.0987,0.174442,0.04309,1.077,daily:aligned|obv:aligned|pattern:strong_contra|vp:inside_value,7.48
DOGE/USDT,2025-02-22 00:00:00,2025-02-22 04:00:00,short,0.24,0.24,8689.708858,2074.69,1.6598,3.112,0.1037,1,soft_sl,0.2381,0.24,,4297.5825,0.156388,0.02677,0.669,adx:trend|daily:aligned|obv:aligned|pattern:contra|vp:short_below_value|weekend|funding_window|daily_close,6.72
LINK/USDT,2025-02-22 00:00:00,2025-02-22 04:00:00,short,17.41,17.31,60.312959,1047.17,0.8377,1.5708,0.0524,1,soft_sl,17.3126,17.86,,4297.5825,0.082308,0.01538,0.574,daily:aligned|obv:aligned|vol:elevated|vp:short_below_value|weekend|funding_window|daily_close,3.54
DOGE/USDT,2025-02-24 08:00:00,2025-02-24 12:00:00,short,0.23,0.23,17031.505304,3927.29,3.1418,5.8909,0.1964,1,soft_sl,0.228,0.23,,4307.8406,1.802099,0.045,1.125,market:trend|adx:strong|daily:aligned|obv:aligned|pattern:contra|vp:short_below_value|funding_window,77.63
DOGE/USDT,2025-02-24 20:00:00,2025-02-25 00:00:00,short,0.22,0.21,17046.73893,3665.87,2.9327,5.4988,-0.2246,1,soft_sl,0.2081,0.21,,4385.4722,5.178605,0.04899,1.225,market:trend|adx:strong|daily:aligned|obv:aligned|rsi:cold_short|vp:short_below_value,227.11
DOGE/USDT,2025-02-28 08:00:00,2025-02-28 12:00:00,short,0.19,0.18,8936.550424,1641.03,1.3128,2.4615,0.0821,1,soft_sl,0.182,0.19,,4612.5784,0.555358,0.03307,0.827,market:trend|adx:strong|daily:aligned|obv:aligned|vol:high|rsi:cold_short|vp:short_below_value|funding_window,25.62
LINK/USDT,2025-02-28 08:00:00,2025-02-28 12:00:00,short,13.66,13.48,74.211155,1007.11,0.8057,1.5107,0.0504,1,soft_sl,13.4808,14.11,,4612.5784,0.238611,0.02014,0.751,adx:strong|daily:aligned|obv:aligned|vol:high|rsi:cold_short|vp:short_below_value|funding_window,11.01
DOGE/USDT,2025-03-04 08:00:00,2025-03-04 12:00:00,short,0.19,0.19,8514.64575,1629.84,1.3039,2.4448,0.0796,1,soft_sl,0.1909,0.2,,4649.2009,0.10602,0.03713,0.928,market:trend|adx:trend|daily:aligned|obv:aligned|vol:high|vp:short_below_value|funding_window,4.93
LINK/USDT,2025-03-04 08:00:00,2025-03-04 12:00:00,short,13.8,13.68,67.05578,921.31,0.737,1.382,0.0822,1,soft_sl,13.683,14.43,,4649.2009,0.115706,0.02154,0.804,daily:aligned|obv:aligned|vol:high|vp:short_below_value|funding_window,5.38
DOGE/USDT,2025-03-09 20:00:00,2025-03-10 00:00:00,short,0.17,0.17,6891.168163,1163.52,0.9308,1.7453,0.031,1,soft_sl,0.1663,0.17,,4659.5094,0.692393,0.02125,0.531,daily:aligned|obv:aligned|vol:high|rsi:cold_short|vp:short_below_value|weekend,32.26
LINK/USDT,2025-03-10 20:00:00,2025-03-11 00:00:00,short,12.81,12.62,128.916609,1638.71,1.311,2.4581,0.4022,1,soft_sl,12.6158,13.28,,4691.7715,0.436595,0.03674,0.918,market:trend|adx:strong|daily:aligned|obv:aligned|vol:high|rsi:cold_short|vp:short_below_value,20.48
TRX/USDT,2025-03-11 00:00:00,2025-03-11 04:00:00,short,0.23,0.23,13037.464232,2966.97,2.3736,4.4505,0.1483,1,soft_sl,0.2262,0.23,,4711.6247,0.614072,0.02441,0.911,daily:aligned|obv:aligned|vp:short_below_value|funding_window|daily_close,28.93
TRX/USDT,2025-03-11 20:00:00,2025-03-12 00:00:00,short,0.23,0.22,26198.035148,5895.69,4.7166,8.8435,2.8486,1,soft_sl,0.2243,0.23,,4741.1884,0.457062,0.05,1.25,market:trend|adx:strong|daily:aligned|obv:aligned|vp:short_below_value,21.67
TRX/USDT,2025-03-24 08:00:00,2025-03-24 12:00:00,short,0.23,0.23,29312.973479,6679.63,5.3437,10.0194,0.334,1,soft_sl,0.2277,0.23,,4762.8586,-0.136015,0.04072,1.018,adx:trend|daily:aligned|obv:aligned|vp:inside_value|funding_window,-6.48
LINK/USDT,2025-03-28 12:00:00,2025-03-28 16:00:00,short,14.37,14.18,256.245254,3657.79,2.9262,5.4867,0.1801,1,soft_sl,14.1751,14.58,,4756.3804,0.890891,0.04309,1.077,daily:aligned|obv:aligned|vp:inside_value,42.37
LINK/USDT,2025-04-03 04:00:00,2025-04-03 08:00:00,short,13.19,12.91,210.945769,2753.45,2.2028,4.1302,-0.1737,1,soft_sl,12.9148,13.4,,4798.7545,1.086001,0.04287,1.072,daily:aligned|obv:aligned|vol:elevated|vp:short_below_value,52.11
DOGE/USDT,2025-04-03 20:00:00,2025-04-04 00:00:00,short,0.16,0.16,19625.598663,3106.42,2.4851,4.6596,0.2016,1,soft_sl,0.1579,0.16,,4850.8691,0.12023,0.04501,1.125,adx:trend|daily:aligned|obv:aligned|vol:elevated|vp:short_below_value,5.83
LINK/USDT,2025-04-03 20:00:00,2025-04-04 00:00:00,short,12.64,12.6,172.71763,2179.92,1.7439,3.2699,0.1074,1,soft_sl,12.6026,13.07,,4850.8691,0.02759,0.03317,1.238,market:trend|adx:trend|daily:aligned|obv:aligned|vol:elevated|vp:short_below_value,1.34
LINK/USDT,2025-04-07 00:00:00,2025-04-07 04:00:00,short,11.28,10.87,142.388896,1576.65,1.2613,2.365,0.0788,1,soft_sl,10.8668,11.28,,4858.0396,1.132034,0.02415,0.604,market:trend|adx:trend|daily:aligned|obv:aligned|vol:elevated|rsi:cold_short|vp:short_below_value|weekly_open|funding_window|daily_close,54.99
DOGE/USDT,2025-04-07 04:00:00,2025-04-07 08:00:00,short,0.14,0.13,11178.405217,1529.71,1.2238,2.2946,-0.027,1,soft_sl,0.1317,0.14,,4908.1605,2.29065,0.02441,0.911,daily:aligned|obv:aligned|vol:elevated|rsi:cold_short|vp:short_below_value,112.43
TRX/USDT,2025-04-14 00:00:00,2025-04-14 04:00:00,long,0.25,0.26,22272.585022,5721.65,4.5773,8.5825,0.2861,1,soft_sl,0.2592,0.26,,5025.4631,1.755407,0.02869,0.717,market:trend|adx:trend|daily:aligned|obv:aligned|vp:long_above_value|weekly_open|funding_window|daily_close,88.22
TRX/USDT,2025-04-14 08:00:00,2025-04-14 12:00:00,long,0.26,0.26,32107.982634,8288.58,6.6309,12.4329,0.4144,1,soft_sl,0.2587,0.26,,5113.6804,0.280887,0.04208,1.052,market:trend|adx:trend|daily:aligned|obv:aligned|rsi:hot_long|vp:long_above_value|funding_window,14.36
LINK/USDT,2025-04-15 20:00:00,2025-04-16 00:00:00,short,12.36,12.23,267.19736,3284.5,2.6276,4.9267,-0.1284,1,soft_sl,12.2278,12.6,,5128.0441,0.528388,0.03878,0.97,daily:aligned|obv:aligned|vol:elevated|vp:inside_value,27.1
DOGE/USDT,2025-04-26 08:00:00,2025-04-26 12:00:00,long,0.19,0.19,15903.200833,2967.31,2.3738,4.451,0.1484,1,soft_sl,0.1873,0.18,,5155.14,0.281661,0.0315,0.787,adx:strong|daily:aligned|obv:aligned|vp:long_above_value|weekend|funding_window,14.52
DOGE/USDT,2025-04-30 20:00:00,2025-05-01 00:00:00,short,0.17,0.17,26256.366612,4516.31,3.613,6.7745,-0.0754,1,soft_sl,0.1719,0.18,,5169.66,-0.065643,0.04525,1.131,adx:trend|daily:aligned|obv:aligned|vp:inside_value,-3.39
LINK/USDT,2025-05-05 16:00:00,2025-05-05 20:00:00,short,13.56,13.54,350.750703,4752.74,3.8022,7.1291,0.3417,1,soft_sl,13.5434,13.83,,5166.2665,-0.125871,0.03878,0.97,daily:aligned|obv:aligned|vp:inside_value|funding_window,-6.5
DOGE/USDT,2025-05-06 16:00:00,2025-05-06 20:00:00,short,0.17,0.17,33607.29001,5583.21,4.4666,8.3748,0.2792,1,soft_sl,0.1657,0.17,,5159.7637,0.343639,0.045,1.125,market:trend|adx:trend|daily:aligned|obv:aligned|vp:short_below_value|funding_window,17.73
TRX/USDT,2025-05-08 20:00:00,2025-05-09 00:00:00,long,0.25,0.26,36945.177177,9458.62,7.5669,14.1879,0.4729,1,soft_sl,0.2575,0.25,,5177.4946,1.651106,0.04048,1.012,daily:aligned|obv:aligned|rsi:hot_long|vp:long_above_value,85.49
TRX/USDT,2025-05-12 20:00:00,2025-05-13 00:00:00,long,0.27,0.27,25450.665156,6971.43,5.5771,10.4571,0.6971,1,soft_sl,0.2749,0.27,,5262.9805,0.590495,0.05,1.25,market:trend|adx:strong|daily:aligned|obv:aligned|vp:long_above_value,31.08
DOGE/USDT,2025-05-18 20:00:00,2025-05-19 00:00:00,long,0.22,0.23,7522.39214,1711.0,1.3688,2.5665,0.1469,1,soft_sl,0.2326,0.22,,5294.0582,1.390339,0.02327,0.582,daily:aligned|obv:against|vol:elevated|pattern:contra|vp:inside_value|weekend,73.61
DOGE/USDT,2025-05-22 08:00:00,2025-05-22 12:00:00,long,0.24,0.24,14379.584366,3489.76,2.7918,5.2346,0.1745,1,soft_sl,0.2444,0.24,,5367.6635,0.746666,0.04223,1.056,market:trend|adx:strong|daily:aligned|obv:aligned|vol:elevated|vp:inside_value|funding_window,40.08
DOGE/USDT,2025-05-23 08:00:00,2025-05-23 12:00:00,long,0.24,0.25,14783.3801,3632.16,2.9057,5.4482,0.1816,1,soft_sl,0.248,0.24,,5407.742,1.106243,0.04223,1.056,market:trend|adx:strong|daily:aligned|obv:aligned|vol:elevated|vp:inside_value|funding_window,59.82
LINK/USDT,2025-06-06 00:00:00,2025-06-06 04:00:00,short,12.88,12.82,246.362119,3165.46,2.5324,4.7482,0.5608,1,soft_sl,12.8216,13.17,,5467.5648,0.101704,0.03097,0.774,daily:aligned|obv:aligned|rsi:cold_short|vp:short_below_value|funding_window|daily_close,5.56
TRX/USDT,2025-06-10 20:00:00,2025-06-11 00:00:00,long,0.29,0.29,41339.198843,12055.3,9.6442,18.0829,1.2055,1,soft_sl,0.2924,0.29,,5473.1256,0.678357,0.05,1.25,market:trend|adx:strong|daily:aligned|obv:aligned|vp:long_above_value,37.13
LINK/USDT,2025-06-11 20:00:00,2025-06-12 00:00:00,long,15.14,15.23,373.991223,5678.49,4.5428,8.5177,0.2839,1,soft_sl,15.229,14.86,,5510.2529,0.37512,0.05,1.25,market:trend|adx:strong|daily:aligned|obv:aligned|vp:inside_value,20.67
DOGE/USDT,2025-06-13 08:00:00,2025-06-13 12:00:00,short,0.17,0.17,19247.410491,3344.27,2.6754,5.0164,0.1229,1,soft_sl,0.1732,0.18,,5530.923,0.21958,0.03858,0.964,daily:aligned|obv:aligned|vol:elevated|vp:short_below_value|funding_window,12.14
LINK/USDT,2025-06-13 08:00:00,2025-06-13 12:00:00,short,13.23,13.13,192.564262,2537.88,2.0303,3.8068,0.4343,1,soft_sl,13.1318,13.56,,5530.923,0.21806,0.02985,1.114,market:trend|adx:trend|daily:aligned|obv:aligned|vol:elevated|vp:short_below_value|funding_window,12.06
TRX/USDT,2025-06-16 20:00:00,2025-06-17 00:00:00,long,0.28,0.28,25448.427786,7121.44,5.6972,10.6822,0.3761,1,soft_sl,0.28,0.28,,5555.1285,-0.110819,0.04309,1.077,daily:aligned|obv:aligned|vp:inside_value,-6.16
DOGE/USDT,2025-06-17 20:00:00,2025-06-18 00:00:00,short,0.17,0.17,25981.984205,4402.47,3.522,6.6037,0.2201,1,soft_sl,0.1686,0.17,,5548.9724,0.625467,0.04287,1.072,adx:trend|daily:aligned|obv:against|pattern:contra|vp:short_below_value,34.71
DOGE/USDT,2025-06-21 00:00:00,2025-06-21 04:00:00,short,0.16,0.16,19035.595723,3085.91,2.4687,4.6289,0.1215,1,soft_sl,0.162,0.17,,5583.6793,-0.022071,0.02677,0.669,adx:strong|daily:aligned|obv:aligned|vp:short_below_value|weekend|funding_window|daily_close,-1.23
LINK/USDT,2025-06-21 00:00:00,2025-06-21 04:00:00,short,12.5,12.49,158.532056,1980.41,1.5843,2.9706,0.1838,1,soft_sl,12.4854,12.8,,5583.6793,-0.046254,0.01794,0.669,adx:trend|daily:aligned|obv:aligned|vp:short_below_value|weekend|funding_window|daily_close,-2.58
LINK/USDT,2025-06-22 04:00:00,2025-06-22 08:00:00,short,11.9,11.87,295.406533,3510.48,2.8084,5.2657,-0.1037,1,soft_sl,11.8691,12.19,,5579.8643,0.010159,0.03429,0.857,market:trend|adx:strong|daily:aligned|obv:aligned|rsi:cold_short|vp:short_below_value|weekend,0.57
TRX/USDT,2025-07-03 00:00:00,2025-07-03 04:00:00,long,0.28,0.29,52942.584858,15095.57,12.0765,22.6434,1.5096,1,soft_sl,0.2859,0.28,,5580.4312,0.737805,0.03747,0.937,market:trend|adx:strong|daily:aligned|obv:aligned|rsi:hot_long|vp:long_above_value|funding_window|daily_close,41.17
LINK/USDT,2025-07-09 12:00:00,2025-07-09 16:00:00,long,14.03,14.16,546.786095,7704.86,6.1639,11.5573,0.3852,1,soft_sl,14.1554,13.91,,5621.6038,0.926312,0.04763,1.191,daily:aligned|obv:aligned|vp:long_above_value,52.07
TRX/USDT,2025-07-10 00:00:00,2025-07-10 00:00:00,long,0.29,0.29,43361.208853,12565.43,10.0523,18.8481,0.6283,1,soft_sl,0.29,0.29,,5673.6774,-0.191823,0.02563,0.956,adx:strong|daily:aligned|obv:aligned|vp:long_above_value|funding_window|daily_close,-10.88
LINK/USDT,2025-07-10 00:00:00,2025-07-10 04:00:00,long,14.24,14.36,390.276659,5581.1,4.4649,8.3717,0.5581,1,soft_sl,14.3578,14.1,,5673.6774,0.55325,0.03607,0.902,market:trend|adx:trend|daily:aligned|obv:against|vp:long_above_value|funding_window|daily_close,31.39
LINK/USDT,2025-07-10 12:00:00,2025-07-10 16:00:00,long,14.32,14.38,560.347467,8042.6,6.4341,12.0639,0.4021,1,soft_sl,14.3848,14.13,,5694.1836,0.295425,0.05,1.25,market:trend|adx:strong|daily:aligned|obv:aligned|vp:long_above_value,16.82
LINK/USDT,2025-07-11 00:00:00,2025-07-11 04:00:00,long,15.24,15.4,373.147258,5717.43,4.5739,8.5761,0.5717,1,soft_sl,15.4034,15.11,,5711.0056,0.820497,0.03825,0.956,market:trend|adx:strong|daily:aligned|obv:aligned|rsi:hot_long|pattern:aligned|vp:long_above_value|funding_window|daily_close,46.86
TRX/USDT,2025-07-17 00:00:00,2025-07-17 04:00:00,long,0.31,0.31,33655.371277,10448.52,8.3588,15.6728,1.0449,1,soft_sl,0.3111,0.31,,5757.8643,0.284894,0.03283,0.821,daily:aligned|obv:aligned|rsi:hot_long|pattern:aligned|vp:long_above_value|funding_window|daily_close,16.4
DOGE/USDT,2025-07-17 04:00:00,2025-07-17 08:00:00,long,0.21,0.21,11901.186887,2506.5,2.0052,3.7598,0.2507,1,soft_sl,0.213,0.21,,5768.9705,0.902246,0.02858,1.067,adx:strong|daily:aligned|obv:aligned|vol:elevated|vp:inside_value,52.05
LINK/USDT,2025-08-04 20:00:00,2025-08-05 00:00:00,long,16.84,17.12,339.789798,5769.38,4.6155,8.6541,0.5769,1,soft_sl,17.1166,16.75,,5826.3183,1.363516,0.04241,1.06,adx:strong|daily:aligned|obv:aligned|vp:long_below_value,79.44
LINK/USDT,2025-08-07 20:00:00,2025-08-08 00:00:00,long,18.28,18.46,322.245483,5921.02,4.7368,8.8815,0.2961,1,soft_sl,18.4635,18.04,,5905.7611,0.738371,0.04568,1.142,daily:aligned|obv:aligned|pattern:aligned|vp:inside_value,43.61
TRX/USDT,2025-08-11 20:00:00,2025-08-12 00:00:00,long,0.34,0.35,50902.60117,17580.54,14.0644,26.3708,1.7581,1,soft_sl,0.3459,0.34,,5949.3675,0.105322,0.04763,1.191,daily:aligned|obv:aligned|vp:long_above_value,6.27
LINK/USDT,2025-08-12 20:00:00,2025-08-13 00:00:00,long,23.41,23.64,162.902989,3832.41,3.0659,5.7486,0.3832,1,soft_sl,23.6434,22.78,,5955.6335,0.489582,0.04715,1.179,adx:strong|daily:aligned|obv:aligned|vol:elevated|vp:long_above_value,29.16
TRX/USDT,2025-08-12 20:00:00,2025-08-13 00:00:00,long,0.35,0.35,32051.181253,11267.94,9.0143,16.9019,1.1268,1,soft_sl,0.3533,0.35,,5955.6335,1.462602,0.03191,1.191,daily:aligned|obv:aligned|vp:long_above_value,87.11
DOGE/USDT,2025-08-13 16:00:00,2025-08-13 20:00:00,long,0.24,0.24,17423.037434,4224.85,3.3799,6.3373,0.4225,1,soft_sl,0.2438,0.24,,6071.8985,0.576913,0.04072,1.018,adx:trend|daily:aligned|obv:aligned|vp:inside_value|funding_window,35.03
LINK/USDT,2025-08-17 20:00:00,2025-08-18 00:00:00,long,25.46,25.86,105.935562,2718.25,2.1746,4.0774,0.2718,1,soft_sl,25.8609,24.96,,6106.9281,0.592076,0.03136,0.784,market:trend|adx:trend|daily:aligned|obv:aligned|vol:elevated|vp:inside_value|weekend,36.16
LINK/USDT,2025-08-23 00:00:00,2025-08-23 04:00:00,long,26.8,26.83,72.373442,1940.61,1.5525,2.9109,0.1941,1,soft_sl,26.8288,25.81,,6143.0857,-0.040767,0.0241,0.603,adx:trend|daily:aligned|obv:aligned|vol:elevated|vp:long_above_value|weekend|funding_window|daily_close,-2.5
TRX/USDT,2025-09-06 20:00:00,2025-09-07 00:00:00,short,0.33,0.3,37229.687449,11737.12,9.3897,17.6057,7.4027,1,soft_sl,0.3044,0.31,,6140.5813,12.653898,0.03429,0.857,market:trend|adx:strong|daily:aligned|obv:aligned|rsi:cold_short|vp:short_below_value|weekend,777.02
LINK/USDT,2025-09-09 12:00:00,2025-09-09 16:00:00,long,23.53,23.72,344.062639,8127.76,6.5022,12.1916,0.8128,1,soft_sl,23.7198,23.29,,6917.6043,0.681923,0.04309,1.077,daily:aligned|obv:aligned|vp:inside_value,47.17
DOGE/USDT,2025-10-02 08:00:00,2025-10-02 12:00:00,long,0.26,0.26,22208.218391,5716.51,4.5732,8.5748,0.2013,1,soft_sl,0.259,0.25,,6964.777,0.838264,0.03297,0.824,daily:aligned|obv:aligned|rsi:hot_long|vp:inside_value|funding_window,58.38
DOGE/USDT,2025-10-06 20:00:00,2025-10-07 00:00:00,long,0.27,0.27,28988.934461,7797.02,6.2376,11.6955,0.7797,1,soft_sl,0.2695,0.26,,7023.1602,0.200183,0.05,1.25,adx:trend|daily:aligned|obv:aligned|vp:long_above_value,14.06
TRX/USDT,2025-10-10 20:00:00,2025-10-11 00:00:00,short,0.33,0.31,62331.109956,19806.41,15.8451,29.7096,33.2189,1,soft_sl,0.3051,0.31,,7037.2194,21.234349,0.05,1.25,market:trend|adx:trend|daily:aligned|obv:aligned|vp:short_below_value,1494.31
LINK/USDT,2025-10-17 00:00:00,2025-10-17 04:00:00,short,17.42,17.36,183.557944,3191.6,2.5533,4.7874,-0.2943,1,soft_sl,17.3568,18.06,,8531.5271,0.049081,0.03006,0.751,adx:strong|daily:aligned|obv:aligned|vol:high|vp:short_below_value|funding_window|daily_close,4.19
LINK/USDT,2025-10-17 12:00:00,2025-10-17 16:00:00,short,16.52,16.19,228.391243,3736.11,2.9889,5.6042,0.1868,1,soft_sl,16.1948,16.93,,8535.7145,0.772767,0.03929,0.982,adx:strong|daily:aligned|obv:aligned|vol:high|pattern:contra|vp:short_below_value,65.96
TRX/USDT,2025-10-24 20:00:00,2025-10-25 00:00:00,short,0.3,0.3,54747.278359,16635.44,13.3084,24.9532,5.248,1,soft_sl,0.3032,0.31,,8601.6757,0.386827,0.04899,1.225,market:trend|adx:strong|daily:aligned|obv:aligned|rsi:cold_short|vp:short_below_value,33.27
DOGE/USDT,2025-10-30 20:00:00,2025-10-31 00:00:00,short,0.18,0.18,41957.143248,7410.25,5.9282,11.1154,1.0851,1,soft_sl,0.1764,0.18,,8634.9492,0.008952,0.04899,1.225,market:trend|adx:strong|daily:aligned|obv:aligned|rsi:cold_short|vp:short_below_value,0.77
DOGE/USDT,2025-11-03 08:00:00,2025-11-03 12:00:00,short,0.17,0.17,46657.499309,8046.59,6.4373,12.0699,1.0525,1,soft_sl,0.1715,0.18,,8635.7223,0.788428,0.045,1.125,adx:strong|daily:aligned|obv:aligned|vp:short_below_value|funding_window,68.09
LINK/USDT,2025-11-03 12:00:00,2025-11-03 16:00:00,short,16.06,14.67,252.94245,3885.98,3.1088,5.829,-0.0567,1,soft_sl,14.6712,15.16,,8603.9952,3.96491,0.02872,1.072,daily:aligned|obv:aligned|vol:elevated|pattern:contra|vp:short_below_value,341.14
LINK/USDT,2025-11-03 20:00:00,2025-11-04 00:00:00,short,15.34,15.08,321.605005,4891.91,3.9135,7.3379,0.2446,1,soft_sl,15.0838,15.68,,9044.9494,0.776565,0.04208,1.052,market:trend|adx:trend|daily:aligned|obv:aligned|vol:elevated|rsi:cold_short|vp:short_below_value,70.24
TRX/USDT,2025-11-03 20:00:00,2025-11-04 00:00:00,short,0.28,0.28,47581.062269,13425.94,10.7407,20.1389,0.6713,1,soft_sl,0.2803,0.28,,9044.9494,1.587307,0.03282,1.225,market:trend|adx:strong|daily:aligned|obv:aligned|rsi:cold_short|vp:short_below_value,143.57
TRX/USDT,2025-11-04 12:00:00,2025-11-04 16:00:00,short,0.28,0.28,59348.776878,16647.7,13.3182,24.9716,5.416,1,soft_sl,0.2799,0.28,,9258.7605,0.263502,0.05,1.25,market:trend|adx:strong|daily:aligned|obv:aligned|vp:short_below_value,24.4
DOGE/USDT,2025-11-05 00:00:00,2025-11-05 04:00:00,short,0.16,0.16,23509.230275,3735.02,2.988,5.6025,0.1868,1,soft_sl,0.1556,0.16,,9283.1575,1.569402,0.03307,0.827,market:trend|adx:strong|daily:aligned|obv:aligned|vol:high|pattern:contra|vp:short_below_value|funding_window|daily_close,145.69
LINK/USDT,2025-11-05 00:00:00,2025-11-05 04:00:00,short,14.68,14.08,149.952147,2156.19,1.725,3.2343,0.1078,1,soft_sl,14.0834,14.77,,9283.1575,0.901037,0.02215,0.827,market:trend|adx:strong|daily:aligned|obv:aligned|vol:high|pattern:contra|vp:short_below_value|funding_window|daily_close,83.64
DOGE/USDT,2025-11-18 00:00:00,2025-11-18 04:00:00,short,0.15,0.15,40007.501537,6036.27,4.829,9.0544,0.6254,1,soft_sl,0.1497,0.15,,9512.4923,0.841303,0.03825,0.956,adx:strong|daily:aligned|obv:aligned|vp:short_below_value|funding_window|daily_close,80.03
LINK/USDT,2025-11-18 00:00:00,2025-11-18 04:00:00,short,13.32,13.09,262.27428,3463.7,2.771,5.1955,0.1427,1,soft_sl,13.0908,13.53,,9512.4923,0.552207,0.02417,0.902,adx:strong|daily:aligned|obv:aligned|vol:elevated|vp:short_below_value|funding_window|daily_close,52.53
DOGE/USDT,2025-11-20 00:00:00,2025-11-20 04:00:00,short,0.15,0.15,37065.548382,5713.88,4.5711,8.5708,0.2857,1,soft_sl,0.1538,0.16,,9645.0498,0.148236,0.03607,0.902,adx:strong|daily:aligned|obv:aligned|vol:elevated|vp:short_below_value|funding_window|daily_close,14.3
LINK/USDT,2025-11-20 00:00:00,2025-11-20 04:00:00,short,13.52,13.46,273.235029,3686.75,2.9494,5.5301,0.1843,1,soft_sl,13.4649,13.89,,9645.0498,0.069099,0.02417,0.902,adx:strong|daily:aligned|obv:aligned|vol:elevated|vp:short_below_value|funding_window|daily_close,6.66
TRX/USDT,2025-11-21 00:00:00,2025-11-21 04:00:00,short,0.28,0.28,55732.933479,15585.35,12.4683,23.378,2.9517,1,soft_sl,0.2789,0.28,,9666.0118,0.47099,0.03825,0.956,market:trend|adx:trend|daily:aligned|obv:aligned|vp:short_below_value|funding_window|daily_close,45.53
DOGE/USDT,2025-11-21 12:00:00,2025-11-21 16:00:00,short,0.14,0.13,31871.075369,4309.38,3.4475,6.4641,0.2155,1,soft_sl,0.1337,0.14,,9711.5377,0.891576,0.03674,0.918,market:trend|adx:strong|daily:aligned|obv:aligned|vol:high|rsi:cold_short|vp:short_below_value,86.59
LINK/USDT,2025-11-21 12:00:00,2025-11-21 16:00:00,short,11.89,11.64,237.090758,2789.58,2.2317,4.1844,0.1395,1,soft_sl,11.6448,12.15,,9711.5377,0.52391,0.02462,0.918,market:trend|adx:strong|daily:aligned|obv:aligned|vol:high|rsi:cold_short|vp:short_below_value,50.88
TRX/USDT,2025-12-01 08:00:00,2025-12-01 12:00:00,short,0.28,0.28,111280.314656,30704.02,24.5632,46.056,1.2168,1,soft_sl,0.2757,0.28,,9849.0032,-0.268389,0.04053,1.013,adx:strong|daily:aligned|obv:aligned|vp:inside_value|vp:near_poc|funding_window,-26.43
LINK/USDT,2025-12-01 20:00:00,2025-12-02 00:00:00,short,11.83,11.83,716.260384,8474.18,6.7793,12.7113,0.4237,1,soft_sl,11.8303,12.11,,9822.5695,-0.190344,0.04048,1.012,daily:aligned|obv:aligned|rsi:cold_short|vp:short_below_value,-18.7
TRX/USDT,2025-12-12 20:00:00,2025-12-13 00:00:00,short,0.28,0.27,120875.347545,33156.92,26.5255,49.7354,1.6578,1,soft_sl,0.2735,0.28,,9803.8728,1.185934,0.04763,1.191,daily:aligned|obv:aligned|pattern:contra|vp:short_below_value,116.27
DOGE/USDT,2025-12-18 00:00:00,2025-12-18 04:00:00,short,0.13,0.13,59973.138929,7542.99,6.0344,11.3145,0.1858,1,soft_sl,0.1253,0.13,,9920.1403,0.424476,0.03644,0.911,daily:aligned|obv:aligned|vp:short_below_value|funding_window|daily_close,42.11
LINK/USDT,2025-12-18 00:00:00,2025-12-18 04:00:00,short,12.26,12.15,360.296075,4397.84,3.5183,6.5968,0.0356,1,soft_sl,12.1513,12.48,,9920.1403,0.295922,0.02397,0.894,market:trend|adx:trend|daily:aligned|obv:aligned|rsi:cold_short|vp:short_below_value|funding_window|daily_close,29.36
DOGE/USDT,2025-12-19 00:00:00,2025-12-19 04:00:00,short,0.12,0.12,52736.045217,6400.86,5.1207,9.6013,0.32,1,soft_sl,0.1207,0.12,,9991.6048,0.540348,0.03644,0.911,daily:aligned|obv:aligned|vp:short_below_value|funding_window|daily_close,53.99
LINK/USDT,2025-12-19 00:00:00,2025-12-19 04:00:00,short,11.93,11.85,303.17516,3604.64,2.8837,5.407,0.1802,1,soft_sl,11.8493,12.21,,9991.6048,0.160239,0.02197,0.82,daily:aligned|obv:aligned|vol:elevated|vp:short_below_value|funding_window|daily_close,16.01
TRX/USDT,2025-12-25 04:00:00,2025-12-25 04:00:00,short,0.28,0.28,119195.624017,33375.97,26.7008,50.064,1.6688,1,soft_sl,0.28,0.28,,10061.6048,-0.75584,0.04094,1.023,daily:aligned|obv:aligned|vp:inside_value|vp:near_poc,-76.05
DOGE/USDT,2025-12-26 20:00:00,2025-12-27 00:00:00,short,0.12,0.12,102665.144864,12509.47,10.0076,18.7642,1.1228,1,soft_sl,0.1217,0.12,,9985.5551,0.076405,0.05,1.25,adx:trend|daily:aligned|obv:aligned|pattern:contra|vp:short_below_value,7.63
DOGE/USDT,2026-01-01 00:00:00,2026-01-01 04:00:00,short,0.12,0.12,77993.346892,9155.54,7.3244,13.7333,0.8577,1,soft_sl,0.1174,0.12,,9993.1846,-0.186134,0.03097,0.774,daily:aligned|obv:aligned|rsi:cold_short|vp:short_below_value|funding_window|daily_close,-18.6
TRX/USDT,2026-01-03 20:00:00,2026-01-04 00:00:00,long,0.29,0.3,103042.02855,30346.44,24.2772,45.5197,3.0346,1,soft_sl,0.2954,0.29,,9974.5839,1.078693,0.035,0.875,market:trend|adx:strong|daily:aligned|obv:aligned|rsi:hot_long|pattern:aligned|vp:long_above_value|weekend,107.6
TRX/USDT,2026-01-07 20:00:00,2026-01-08 00:00:00,long,0.3,0.3,148918.028878,44355.27,35.4842,66.5329,2.2178,1,soft_sl,0.2983,0.3,,10082.179,0.384846,0.05,1.25,adx:strong|daily:aligned|obv:aligned|vp:long_above_value,38.8
TRX/USDT,2026-01-14 04:00:00,2026-01-14 08:00:00,long,0.3,0.3,105362.429749,32105.7,25.6846,48.1585,1.6053,1,soft_sl,0.3049,0.3,,10120.9799,-0.294179,0.05,1.25,market:trend|adx:strong|daily:aligned|obv:aligned|vp:inside_value,-29.77
LINK/USDT,2026-01-14 20:00:00,2026-01-15 00:00:00,long,14.22,14.3,938.63936,13386.43,10.7091,20.0796,1.3386,1,soft_sl,14.301,14.05,,10091.2061,0.416918,0.04763,1.191,daily:aligned|obv:aligned|pattern:strong_contra|vp:long_above_value,42.07
TRX/USDT,2026-01-15 20:00:00,2026-01-16 00:00:00,long,0.31,0.31,90627.841336,28189.52,22.5516,42.2843,1.1592,1,soft_sl,0.3123,0.31,,10133.2782,1.507711,0.05,1.25,market:trend|adx:strong|daily:aligned|obv:aligned|vp:long_above_value,152.78
DOGE/USDT,2026-01-29 20:00:00,2026-01-30 00:00:00,short,0.12,0.12,95252.397334,10988.67,8.7909,16.483,0.5494,1,soft_sl,0.1153,0.12,,10286.0587,-0.05427,0.04763,1.191,daily:aligned|obv:aligned|vp:short_below_value,-5.58
DOGE/USDT,2026-01-30 08:00:00,2026-01-30 12:00:00,short,0.11,0.11,81290.951896,9254.14,7.4033,13.8812,0.4627,1,soft_sl,0.1132,0.12,,10280.4765,0.816807,0.045,1.125,market:trend|adx:trend|daily:aligned|obv:aligned|vp:short_below_value|funding_window,83.97
TRX/USDT,2026-01-31 20:00:00,2026-02-01 00:00:00,short,0.29,0.28,64799.816381,18446.05,14.7568,27.6691,0.9223,1,soft_sl,0.2841,0.29,,10364.4481,0.304506,0.035,0.875,market:trend|adx:trend|daily:aligned|obv:aligned|vp:short_below_value|weekend,31.56
DOGE/USDT,2026-02-05 20:00:00,2026-02-06 00:00:00,short,0.09,0.09,44702.657638,3989.28,3.1914,5.9839,0.3982,1,soft_sl,0.0873,0.09,,10396.0085,1.54169,0.03674,0.918,market:trend|adx:strong|daily:aligned|obv:aligned|vol:high|rsi:cold_short|vp:short_below_value,160.27
TRX/USDT,2026-02-05 20:00:00,2026-02-06 00:00:00,short,0.27,0.27,63769.157183,17273.17,13.8185,25.9098,27.8608,1,soft_sl,0.2691,0.27,,10396.0085,1.471915,0.0335,1.25,market:trend|adx:strong|daily:aligned|obv:aligned|rsi:cold_short|pattern:aligned|vp:short_below_value,153.02
DOGE/USDT,2026-02-11 20:00:00,2026-02-12 00:00:00,short,0.09,0.09,97675.059757,8857.71,7.0862,13.2866,0.1054,1,soft_sl,0.0904,0.09,,10709.3031,0.382466,0.0474,1.185,adx:strong|daily:aligned|obv:aligned|vp:inside_value,40.96
DOGE/USDT,2026-02-28 12:00:00,2026-02-28 12:00:00,short,0.09,0.09,75974.532853,6787.56,5.4301,10.1813,0.3394,1,soft_sl,0.09,0.09,,10750.2626,-1.08125,0.035,0.875,market:trend|adx:trend|daily:aligned|obv:aligned|pattern:contra|vp:short_below_value|weekend,-116.24
TRX/USDT,2026-02-28 16:00:00,2026-02-28 16:00:00,short,0.28,0.28,80986.074584,22681.36,18.1451,34.022,1.1341,1,soft_sl,0.28,0.28,,10634.0254,-0.402228,0.02579,0.645,daily:aligned|obv:aligned|vp:inside_value|vp:near_poc|weekend|funding_window,-42.77
TRX/USDT,2026-03-09 00:00:00,2026-03-09 00:00:00,long,0.29,0.29,87575.152154,25355.2,20.2842,38.0328,1.2678,1,soft_sl,0.29,0.29,,10591.2524,0.222936,0.02733,0.683,daily:aligned|obv:aligned|vp:long_above_value|weekly_open|funding_window|daily_close,23.61
DOGE/USDT,2026-03-10 20:00:00,2026-03-11 00:00:00,short,0.09,0.09,59078.523283,5571.31,4.457,8.357,-0.5103,1,soft_sl,0.0939,0.1,,10614.8641,0.347707,0.02936,0.734,adx:weak|daily:aligned|obv:against|pattern:aligned|vp:inside_value,36.91
TRX/USDT,2026-03-17 16:00:00,2026-03-17 20:00:00,long,0.3,0.31,109123.230048,33287.36,26.6299,49.931,3.3287,1,soft_sl,0.3058,0.3,,10651.7727,0.773873,0.04248,1.062,adx:strong|daily:aligned|obv:aligned|rsi:hot_long|pattern:aligned|vp:long_above_value|funding_window,82.43
DOGE/USDT,2026-03-18 20:00:00,2026-03-19 00:00:00,short,0.09,0.09,108597.234088,10240.07,8.1921,15.3601,0.5854,1,soft_sl,0.094,0.1,,10734.2039,0.39429,0.05,1.25,market:trend|adx:strong|daily:aligned|obv:aligned|vp:inside_value,42.32
LINK/USDT,2026-03-19 20:00:00,2026-03-20 00:00:00,short,9.03,9.01,1337.317162,12059.26,9.6474,18.0889,0.603,1,soft_sl,9.009,9.21,,10776.5278,-0.05201,0.04953,1.238,market:trend|adx:strong|daily:aligned|obv:aligned|vp:inside_value|vp:near_poc,-5.6
DOGE/USDT,2026-03-22 04:00:00,2026-03-22 08:00:00,short,0.09,0.09,91262.863664,8382.56,6.706,12.5738,0.4191,1,soft_sl,0.0914,0.09,,10770.923,0.544523,0.03167,0.792,adx:trend|daily:aligned|obv:aligned|pattern:contra|vp:inside_value|weekend,58.65
TRX/USDT,2026-03-22 20:00:00,2026-03-22 20:00:00,long,0.32,0.31,60896.874629,19113.7,15.291,28.6706,0.9557,1,soft_sl,0.31,0.31,,10829.5731,-4.767122,0.035,0.875,market:trend|adx:strong|daily:aligned|obv:aligned|rsi:hot_long|pattern:aligned|vp:long_above_value|weekend,-516.26
DOGE/USDT,2026-03-27 16:00:00,2026-03-27 16:00:00,short,0.09,0.09,108736.977801,9802.64,7.8421,14.704,0.4901,1,soft_sl,0.09,0.09,,10313.3141,0.092937,0.03878,0.97,daily:aligned|obv:aligned|vp:inside_value|funding_window,9.58
LINK/USDT,2026-03-27 16:00:00,2026-03-27 20:00:00,short,8.6,8.5,817.941661,6993.89,5.5951,10.4908,0.3497,1,soft_sl,8.4962,8.68,,10313.3141,0.703522,0.02872,1.072,daily:aligned|obv:aligned|vp:short_below_value|funding_window,72.56
LINK/USDT,2026-03-29 04:00:00,2026-03-29 08:00:00,short,8.54,8.5,1109.761503,9450.92,7.5607,14.1764,0.4725,1,soft_sl,8.4954,8.66,,10395.4554,0.230985,0.035,0.875,market:trend|adx:strong|daily:aligned|obv:aligned|vp:short_below_value|weekend,24.01
TRX/USDT,2026-03-30 04:00:00,2026-03-30 08:00:00,long,0.32,0.32,81497.238124,26337.77,21.0702,39.5067,1.3169,1,soft_sl,0.3234,0.32,,10419.4673,-0.228359,0.05,1.25,market:trend|adx:strong|daily:aligned|obv:aligned|vp:inside_value,-23.79
TRX/USDT,2026-04-04 16:00:00,2026-04-04 20:00:00,long,0.32,0.32,82743.556562,26236.97,20.9896,39.3555,1.3118,1,soft_sl,0.3175,0.32,,10395.6735,0.103746,0.03001,0.75,daily:aligned|obv:aligned|vp:long_above_value|weekend|funding_window,10.79
LINK/USDT,2026-04-16 20:00:00,2026-04-17 00:00:00,long,9.64,9.67,1428.3909,13794.61,11.0357,20.6919,0.6897,1,soft_sl,9.6719,9.49,,10406.4586,0.08517,0.05,1.25,adx:trend|daily:aligned|obv:aligned|vp:long_above_value,8.86
DOGE/USDT,2026-04-17 20:00:00,2026-04-17 20:00:00,long,0.1,0.1,124557.097553,12451.97,9.9616,18.678,0.6226,1,soft_sl,0.1,0.1,,10415.3218,-0.209199,0.05,1.25,market:trend|adx:strong|daily:aligned|obv:aligned|vp:long_above_value,-21.79
LINK/USDT,2026-04-17 20:00:00,2026-04-18 00:00:00,long,9.67,9.7,880.612968,8526.98,6.8216,12.7905,0.4263,1,soft_sl,9.7,9.5,,10415.3218,0.095076,0.0335,1.25,market:trend|adx:strong|daily:aligned|obv:aligned|vp:long_above_value,9.9
DOGE/USDT,2026-04-27 08:00:00,2026-04-27 12:00:00,long,0.1,0.1,149154.148806,14626.09,11.7009,21.9391,0.7313,1,soft_sl,0.0984,0.1,,10403.4355,0.559227,0.04072,1.018,adx:trend|daily:aligned|obv:aligned|pattern:contra|vp:inside_value|funding_window,58.18
DOGE/USDT,2026-04-29 08:00:00,2026-04-29 12:00:00,long,0.1,0.11,140675.273411,15182.94,12.1464,22.7744,1.5183,1,soft_sl,0.1109,0.11,,10461.6143,7.743974,0.04461,1.115,market:trend|adx:trend|daily:aligned|obv:aligned|rsi:hot_long|pattern:aligned|vp:long_above_value|funding_window,810.14
