symbol,entry_time,exit_time,side,entry,exit,size,notional,commission,slippage,funding,bars_held,exit_reason,soft_sl,hard_sl,risk_pct,risk_mult,risk_reasons,pnl
SOL/USDT,2023-05-21 20:00:00,2023-05-22 00:00:00,short,19.98,19.4,71.215584,1402.14,1.1217,2.1032,0.0701,1,soft_sl,19.4014,19.64,0.03334,0.833,adx:trend|daily:aligned|obv:aligned|weekend,37.63
SOL/USDT,2023-05-22 04:00:00,2023-05-22 08:00:00,short,19.53,19.52,78.467742,1531.92,1.2255,2.2979,-0.1202,1,soft_sl,19.5178,19.8,0.04241,1.06,adx:strong|daily:aligned|obv:aligned|rsi:cold_short,-2.6
SOL/USDT,2023-05-24 20:00:00,2023-05-25 00:00:00,short,19.18,19.15,74.842238,1434.35,1.1475,2.1515,-0.0813,1,soft_sl,19.145,19.49,0.05,1.25,market:trend|adx:trend|daily:aligned|obv:aligned,-0.23
SOL/USDT,2023-06-04 20:00:00,2023-06-05 00:00:00,long,22.19,22.27,42.340017,941.2,0.753,1.4118,0.0471,1,soft_sl,22.272,21.94,0.02699,0.675,daily:aligned|obv:aligned|rsi:hot_long|weekend,1.39
SOL/USDT,2023-06-08 00:00:00,2023-06-08 04:00:00,short,18.63,18.27,34.98269,645.45,0.5164,0.9682,0.0192,1,soft_sl,18.2742,18.8,0.03569,0.892,market:trend|adx:strong|daily:aligned|obv:aligned|rsi:cold_short|funding_window|daily_close,10.84
SOL/USDT,2023-06-10 00:00:00,2023-06-10 04:00:00,short,17.39,16.15,20.25006,339.51,0.2716,0.5093,0.017,1,soft_sl,16.1466,16.73,0.02248,0.562,market:trend|adx:strong|daily:aligned|obv:aligned|vol:elevated|rsi:cold_short|weekend|funding_window|daily_close,24.28
SOL/USDT,2023-06-15 04:00:00,2023-06-15 08:00:00,short,14.92,14.66,40.528885,599.39,0.4795,0.8991,0.0657,1,soft_sl,14.6634,15.26,0.04491,1.123,adx:strong|daily:aligned|obv:aligned|vol:elevated,8.75
ETH/USDT,2023-06-21 08:00:00,2023-06-21 12:00:00,short,1812.05,1807.4,0.782742,1416.55,1.1332,2.1248,0.0708,1,soft_sl,1807.4005,1831.54,0.03499,0.875,daily:aligned|obv:against|funding_window,0.31
BNB/USDT,2023-06-29 00:00:00,2023-06-29 04:00:00,short,230.51,230.38,3.891706,896.83,0.7175,1.3452,0.0448,1,soft_sl,230.3825,235.2,0.0347,0.868,daily:aligned|obv:aligned|funding_window|daily_close,-1.61
ETH/USDT,2023-07-11 00:00:00,2023-07-11 04:00:00,long,1879.35,1883.36,0.808977,1521.97,1.2176,2.283,0.0761,1,soft_sl,1883.362,1863.53,0.02974,0.744,daily:aligned|obv:against|funding_window|daily_close,-0.33
SOL/USDT,2023-07-12 20:00:00,2023-07-13 00:00:00,long,21.84,22.08,46.292696,1016.7,0.8134,1.525,0.0995,1,soft_sl,22.0848,21.5,0.0499,1.247,adx:strong|daily:aligned|obv:aligned,8.89
SOL/USDT,2023-07-13 20:00:00,2023-07-14 00:00:00,long,26.21,26.23,24.130584,632.75,0.5062,0.9491,0.0633,1,soft_sl,26.2308,25.28,0.04199,1.05,market:trend|adx:strong|daily:aligned|obv:aligned|vol:elevated|rsi:hot_long,-1.09
ETH/USDT,2023-07-13 20:00:00,2023-07-14 00:00:00,long,1995.46,2008.28,0.64935,1299.91,1.0399,1.9499,0.13,1,soft_sl,2008.278,1983.3,0.02984,1.113,market:trend|adx:trend|daily:aligned|obv:aligned|rsi:hot_long,5.2
SOL/USDT,2023-07-27 00:00:00,2023-07-27 04:00:00,long,25.16,25.45,32.411489,820.23,0.6562,1.2303,0.041,1,soft_sl,25.4496,24.81,0.03825,0.956,market:trend|adx:strong|daily:aligned|obv:aligned|funding_window|daily_close,7.33
SOL/USDT,2023-08-18 04:00:00,2023-08-18 08:00:00,short,21.54,21.4,30.191847,648.31,0.5187,0.9725,0.0168,1,soft_sl,21.4043,22.17,0.04199,1.05,market:trend|adx:strong|daily:aligned|obv:aligned|vol:elevated|rsi:cold_short,2.65
SOL/USDT,2023-08-21 20:00:00,2023-08-22 00:00:00,short,21.28,21.19,51.196471,1087.2,0.8698,1.6308,-0.0171,1,soft_sl,21.1938,21.73,0.0499,1.247,adx:strong|daily:aligned|obv:aligned,1.82
SOL/USDT,2023-08-23 00:00:00,2023-08-23 04:00:00,short,20.57,20.47,37.774484,775.15,0.6201,1.1627,0.0388,1,soft_sl,20.4698,21.03,0.03825,0.956,market:trend|adx:strong|daily:aligned|obv:aligned|funding_window|daily_close,2.0
ETH/USDT,2023-08-23 00:00:00,2023-08-23 04:00:00,short,1634.49,1629.4,0.613594,1001.35,0.8011,1.502,0.0501,1,soft_sl,1629.3985,1652.39,0.02557,0.954,adx:strong|daily:aligned|obv:aligned|funding_window|daily_close,0.77
SOL/USDT,2023-09-01 00:00:00,2023-09-01 04:00:00,short,19.72,19.69,40.965044,807.18,0.6457,1.2108,0.0404,1,soft_sl,19.687,20.16,0.0347,0.868,daily:aligned|obv:aligned|funding_window|daily_close,-0.5
ETH/USDT,2023-09-02 00:00:00,2023-09-02 04:00:00,short,1628.2,1627.22,0.626968,1020.52,0.8164,1.5308,0.051,1,soft_sl,1627.2225,1648.64,0.02429,0.607,daily:aligned|obv:aligned|weekend|funding_window|daily_close,-1.79
BNB/USDT,2023-09-21 16:00:00,2023-09-21 20:00:00,short,210.71,210.56,9.001559,1896.03,1.5168,2.844,0.0948,1,soft_sl,210.557,213.06,0.04082,1.021,daily:aligned|obv:aligned|funding_window,-3.08
ETH/USDT,2023-09-21 20:00:00,2023-09-22 00:00:00,short,1588.92,1583.06,0.919438,1458.22,1.1666,2.1873,-0.0327,1,soft_sl,1583.0635,1601.3,0.03039,1.134,daily:aligned|obv:aligned,2.06
BNB/USDT,2023-09-25 04:00:00,2023-09-25 08:00:00,short,208.91,208.43,15.592358,3253.62,2.6029,4.8804,0.0,1,soft_sl,208.4255,210.11,0.04763,1.191,adx:trend|daily:aligned|obv:aligned,0.07
ETH/USDT,2023-10-09 16:00:00,2023-10-09 20:00:00,short,1585.63,1550.5,1.39596,2188.96,1.7512,3.2834,0.1094,1,soft_sl,1550.4995,1567.43,0.04287,1.072,adx:trend|daily:aligned|obv:aligned|funding_window,43.9
BNB/USDT,2023-10-09 16:00:00,2023-10-10 00:00:00,short,206.94,205.07,9.188372,1892.85,1.5143,2.8393,0.0,2,soft_sl,205.07,206.88,0.03015,1.125,market:trend|adx:strong|daily:aligned|obv:aligned|funding_window,12.83
ETH/USDT,2023-10-13 00:00:00,2023-10-13 04:00:00,short,1538.82,1537.5,1.204338,1852.47,1.482,2.7787,0.0926,1,soft_sl,1537.5025,1555.88,0.03817,0.954,adx:strong|daily:aligned|obv:aligned|funding_window|daily_close,-2.77
SOL/USDT,2023-10-16 12:00:00,2023-10-16 20:00:00,long,23.13,23.98,61.665201,1452.49,1.162,2.1787,-0.1901,2,soft_sl,23.9769,23.62,0.03856,0.964,daily:aligned|obv:aligned|rsi:hot_long,48.95
SOL/USDT,2023-10-24 04:00:00,2023-10-24 08:00:00,long,31.38,31.72,24.494271,772.79,0.6182,1.1592,0.0773,1,soft_sl,31.72,30.5,0.0494,1.235,market:trend|adx:strong|daily:aligned|obv:aligned|vol:elevated,6.47
SOL/USDT,2023-10-25 20:00:00,2023-10-26 00:00:00,long,32.77,33.03,14.258008,469.09,0.3753,0.7036,0.0235,1,soft_sl,33.0301,31.67,0.03208,0.802,adx:strong|daily:aligned|obv:against|vol:high,2.61
SOL/USDT,2023-10-30 16:00:00,2023-10-30 20:00:00,long,35.05,35.05,23.614845,827.69,0.6622,1.2415,0.0414,1,soft_sl,35.0521,34.07,0.03817,0.954,adx:strong|daily:aligned|obv:aligned|rsi:hot_long|funding_window,-1.82
ETH/USDT,2023-10-30 16:00:00,2023-10-30 20:00:00,long,1820.83,1820.84,0.661738,1204.92,0.9639,1.8074,0.0602,1,soft_sl,1820.8385,1795.73,0.02735,1.021,daily:aligned|obv:aligned|funding_window,-2.83
SOL/USDT,2023-11-08 00:00:00,2023-11-08 04:00:00,long,42.98,43.46,12.165254,525.78,0.4206,0.7887,0.0263,1,soft_sl,43.463,41.83,0.03279,0.82,adx:trend|daily:aligned|obv:aligned|vol:elevated|funding_window|daily_close,4.69
SOL/USDT,2023-11-09 16:00:00,2023-11-09 16:00:00,long,46.45,43.1,16.104229,721.07,0.5769,1.0816,0.0361,1,soft_sl,43.1,41.42,0.04446,1.111,market:trend|adx:strong|daily:aligned|obv:aligned|vol:elevated|funding_window,-55.66
SOL/USDT,2023-11-10 16:00:00,2023-11-10 20:00:00,long,50.91,54.39,7.704516,405.64,0.3245,0.6085,0.0203,1,soft_sl,54.3862,52.02,0.03149,0.787,market:trend|adx:strong|daily:aligned|obv:aligned|vol:high|rsi:hot_long|funding_window,25.8
BNB/USDT,2023-11-15 20:00:00,2023-11-16 00:00:00,long,253.18,254.07,5.798003,1470.53,1.1764,2.2058,0.3177,1,soft_sl,254.0725,249.44,0.04536,1.134,daily:aligned|obv:aligned,1.47
BNB/USDT,2023-11-21 00:00:00,2023-11-21 04:00:00,long,253.26,266.13,3.601441,935.27,0.7482,1.4029,0.0468,1,soft_sl,266.129,260.41,0.0347,0.868,daily:aligned|obv:aligned|funding_window|daily_close,44.15
SOL/USDT,2023-12-03 08:00:00,2023-12-03 12:00:00,long,63.99,64.15,12.782935,818.98,0.6552,1.2285,0.0409,1,soft_sl,64.1501,62.64,0.03143,0.786,adx:strong|daily:aligned|obv:aligned|weekend|funding_window,0.17
ETH/USDT,2023-12-07 20:00:00,2023-12-08 00:00:00,long,2337.56,2379.75,0.741543,1749.05,1.3992,2.6236,0.3969,1,soft_sl,2379.754,2338.35,0.0499,1.247,adx:strong|daily:aligned|obv:aligned,26.87
SOL/USDT,2023-12-08 04:00:00,2023-12-08 08:00:00,long,71.54,72.78,10.263293,740.61,0.5925,1.1109,0.1781,1,soft_sl,72.7812,70.21,0.04199,1.05,market:trend|adx:strong|daily:aligned|obv:aligned|vol:elevated|rsi:hot_long,10.85
BNB/USDT,2023-12-19 16:00:00,2023-12-19 20:00:00,long,251.18,253.58,6.851275,1729.11,1.3833,2.5937,0.0865,1,soft_sl,253.577,249.41,0.045,1.125,market:trend|adx:trend|daily:aligned|obv:aligned|funding_window,12.36
BNB/USDT,2023-12-20 20:00:00,2023-12-21 00:00:00,long,259.3,259.89,7.896399,2049.89,1.6399,3.0748,-1.9404,1,soft_sl,259.895,255.84,0.05,1.25,market:trend|adx:trend|daily:aligned|obv:aligned,1.92
ETH/USDT,2023-12-22 16:00:00,2023-12-22 20:00:00,long,2321.73,2339.81,0.584651,1362.69,1.0901,2.044,0.0681,1,soft_sl,2339.8095,2295.03,0.04082,1.021,daily:aligned|obv:aligned|funding_window,7.37
ETH/USDT,2023-12-27 20:00:00,2023-12-28 00:00:00,long,2348.61,2388.04,0.784941,1859.0,1.4872,2.7885,0.5068,1,soft_sl,2388.0415,2350.77,0.04536,1.134,daily:aligned|obv:aligned,26.17
ETH/USDT,2023-12-28 08:00:00,2023-12-28 12:00:00,long,2383.06,2409.98,0.697263,1671.0,1.3368,2.5065,0.0836,1,soft_sl,2409.9795,2367.5,0.045,1.125,market:trend|adx:trend|daily:aligned|obv:aligned|funding_window,14.84
ETH/USDT,2024-01-09 00:00:00,2024-01-09 04:00:00,long,2331.12,2336.12,0.588951,1374.39,1.0995,2.0616,0.1374,1,soft_sl,2336.118,2294.94,0.03644,0.911,adx:trend|daily:aligned|obv:aligned|funding_window|daily_close,-0.35
ETH/USDT,2024-01-10 16:00:00,2024-01-10 20:00:00,long,2450.01,2478.05,0.488824,1204.48,0.9636,1.8067,0.0602,1,soft_sl,2478.0515,2422.48,0.04082,1.021,daily:aligned|obv:aligned|funding_window,10.88
ETH/USDT,2024-01-11 00:00:00,2024-01-11 04:00:00,long,2585.81,2612.32,0.325325,845.54,0.6764,1.2683,0.0423,1,soft_sl,2612.3215,2542.08,0.03407,0.852,market:trend|adx:trend|daily:aligned|obv:aligned|rsi:hot_long|funding_window|daily_close,6.64
BNB/USDT,2024-01-11 16:00:00,2024-01-11 20:00:00,long,307.52,309.25,4.166295,1284.83,1.0279,1.9272,0.0642,1,soft_sl,309.254,301.97,0.045,1.125,market:trend|adx:trend|daily:aligned|obv:aligned|funding_window,4.21
SOL/USDT,2024-01-28 16:00:00,2024-01-28 20:00:00,long,97.05,97.79,8.573265,835.21,0.6682,1.2528,0.0418,1,soft_sl,97.7896,95.31,0.0315,0.787,market:trend|adx:trend|daily:aligned|obv:aligned|weekend|funding_window,4.37
SOL/USDT,2024-01-29 20:00:00,2024-01-30 00:00:00,long,100.54,101.81,11.793154,1193.18,0.9545,1.7898,0.1193,1,soft_sl,101.8108,99.07,0.04763,1.191,adx:trend|daily:aligned|obv:aligned,12.12
ETH/USDT,2024-01-31 00:00:00,2024-01-31 04:00:00,long,2341.96,2349.84,0.71657,1681.0,1.3448,2.5215,0.0841,1,soft_sl,2349.8395,2316.69,0.0347,0.868,daily:aligned|obv:aligned|funding_window|daily_close,1.7
BNB/USDT,2024-02-04 20:00:00,2024-02-05 00:00:00,long,305.42,307.44,7.495957,2297.0,1.8376,3.4455,0.0,1,soft_sl,307.443,304.54,0.03175,0.794,daily:aligned|obv:aligned|weekend,9.88
SOL/USDT,2024-02-08 04:00:00,2024-02-08 08:00:00,long,101.77,102.03,14.553998,1483.0,1.1864,2.2245,0.1483,1,soft_sl,102.0254,99.87,0.04536,1.134,daily:aligned|obv:aligned,0.2
SOL/USDT,2024-02-08 20:00:00,2024-02-09 00:00:00,long,102.28,103.2,15.089931,1550.35,1.2403,2.3255,0.1096,1,soft_sl,103.2014,100.91,0.05,1.25,market:trend|adx:trend|daily:aligned|obv:aligned,10.23
ETH/USDT,2024-02-12 20:00:00,2024-02-13 00:00:00,long,2610.91,2659.22,0.777042,2047.55,1.638,3.0713,0.2048,1,soft_sl,2659.2155,2621.26,0.04241,1.06,adx:strong|daily:aligned|obv:aligned|rsi:hot_long,32.62
SOL/USDT,2024-02-14 16:00:00,2024-02-14 20:00:00,long,117.01,117.14,11.116208,1301.41,1.0411,1.9521,0.0651,1,soft_sl,117.1388,114.26,0.045,1.125,market:trend|adx:trend|daily:aligned|obv:aligned|funding_window,-1.59
BNB/USDT,2024-02-14 16:00:00,2024-02-14 20:00:00,long,332.28,333.78,5.514128,1836.38,1.4691,2.7546,0.0918,1,soft_sl,333.7845,329.89,0.03015,1.125,market:trend|adx:trend|daily:aligned|obv:aligned|funding_window,3.98
ETH/USDT,2024-02-19 04:00:00,2024-02-19 08:00:00,long,2888.82,2927.22,0.748553,2176.81,1.7414,3.2652,0.2177,1,soft_sl,2927.223,2881.86,0.04763,1.191,adx:trend|daily:aligned|obv:aligned,23.52
ETH/USDT,2024-02-20 00:00:00,2024-02-20 04:00:00,long,2946.55,2956.54,0.548045,1617.58,1.2941,2.4264,0.0809,1,soft_sl,2956.5375,2909.34,0.03569,0.892,market:trend|adx:strong|daily:aligned|obv:aligned|rsi:hot_long|funding_window|daily_close,1.67
BNB/USDT,2024-02-21 16:00:00,2024-02-21 20:00:00,long,369.47,371.67,4.508771,1670.82,1.3367,2.5062,0.0835,1,soft_sl,371.6715,364.77,0.04287,1.072,adx:trend|daily:aligned|obv:aligned|funding_window,6.0
ETH/USDT,2024-02-26 20:00:00,2024-02-27 00:00:00,long,3181.2,3197.18,0.632497,2017.15,1.6137,3.0257,0.5761,1,soft_sl,3197.18,3143.44,0.04665,1.166,market:trend|adx:strong|daily:aligned|obv:aligned|rsi:hot_long,4.89
BNB/USDT,2024-02-26 20:00:00,2024-02-27 00:00:00,long,397.93,403.94,3.620398,1451.54,1.1612,2.1773,0.0,1,soft_sl,403.9395,397.65,0.03126,1.166,market:trend|adx:strong|daily:aligned|obv:aligned|rsi:hot_long,18.42
BNB/USDT,2024-02-28 16:00:00,2024-02-29 00:00:00,long,413.11,415.66,4.399952,1823.27,1.4586,2.7349,0.0,2,soft_sl,415.66,408.6,0.04199,1.05,market:trend|adx:strong|daily:aligned|obv:aligned|rsi:hot_long|funding_window,7.03
BNB/USDT,2024-03-12 12:00:00,2024-03-12 16:00:00,long,530.78,546.16,2.699985,1453.86,1.1631,2.1808,0.1016,1,soft_sl,546.1565,532.38,0.05,1.25,market:trend|adx:strong|daily:aligned|obv:aligned,38.07
SOL/USDT,2024-03-25 20:00:00,2024-03-26 00:00:00,long,192.39,193.08,5.015421,966.65,0.7733,1.45,0.379,1,soft_sl,193.0786,186.87,0.04082,1.021,daily:aligned|obv:aligned|vol:elevated,0.85
ETH/USDT,2024-03-25 20:00:00,2024-03-26 00:00:00,long,3642.53,3650.1,0.286737,1045.53,0.8364,1.5683,0.4081,1,soft_sl,3650.1035,3565.21,0.03191,1.191,adx:trend|daily:aligned|obv:aligned,-0.64
ETH/USDT,2024-04-17 20:00:00,2024-04-18 00:00:00,short,3000.44,2968.01,0.345198,1030.15,0.8241,1.5452,-0.0361,1,soft_sl,2968.0125,3067.26,0.04491,1.123,adx:strong|daily:aligned|obv:aligned|vol:elevated,8.86
BNB/USDT,2024-04-22 08:00:00,2024-04-22 12:00:00,long,602.99,606.69,2.157494,1304.94,1.0439,1.9574,0.0652,1,soft_sl,606.6875,594.35,0.0347,0.868,daily:aligned|obv:aligned|rsi:hot_long|funding_window,4.91
SOL/USDT,2024-04-30 16:00:00,2024-04-30 20:00:00,short,127.71,122.05,8.293966,1035.73,0.8286,1.5536,0.0518,1,soft_sl,122.0477,125.99,0.04244,1.061,market:trend|adx:trend|daily:aligned|obv:aligned|vol:elevated|funding_window,44.5
ETH/USDT,2024-05-01 00:00:00,2024-05-01 04:00:00,short,3012.57,2966.19,0.385673,1152.92,0.9223,1.7294,0.0576,1,soft_sl,2966.1855,3037.45,0.0347,0.868,daily:aligned|obv:aligned|funding_window|daily_close,15.18
SOL/USDT,2024-05-01 12:00:00,2024-05-01 16:00:00,short,122.98,121.62,8.76021,1071.38,0.8571,1.6071,-0.0975,1,soft_sl,121.618,126.13,0.0494,1.235,market:trend|adx:strong|daily:aligned|obv:aligned|vol:elevated,9.6
ETH/USDT,2024-05-01 12:00:00,2024-05-01 16:00:00,short,2904.19,2870.16,0.3426,989.15,0.7913,1.4837,-0.0727,1,soft_sl,2870.1645,2948.35,0.0335,1.25,market:trend|adx:trend|daily:aligned|obv:aligned,9.45
SOL/USDT,2024-05-20 12:00:00,2024-05-20 16:00:00,long,177.66,179.22,9.640945,1720.35,1.3763,2.5805,0.086,1,soft_sl,179.224,175.04,0.0499,1.247,adx:strong|daily:aligned|obv:aligned,11.04
ETH/USDT,2024-05-27 20:00:00,2024-05-28 00:00:00,long,3874.91,3903.22,0.464694,1807.22,1.4458,2.7108,0.1807,1,soft_sl,3903.215,3823.69,0.04536,1.134,daily:aligned|obv:aligned,8.82
SOL/USDT,2024-06-11 12:00:00,2024-06-11 16:00:00,short,153.91,147.19,13.183293,1984.7,1.5878,2.977,-0.1985,1,soft_sl,147.186,150.29,0.0499,1.247,adx:strong|daily:aligned|obv:aligned,84.24
SOL/USDT,2024-06-11 20:00:00,2024-06-12 00:00:00,short,149.16,148.17,12.075408,1795.19,1.4361,2.6928,-0.1795,1,soft_sl,148.1734,151.74,0.05,1.25,market:trend|adx:strong|daily:aligned|obv:aligned,7.92
SOL/USDT,2024-06-15 00:00:00,2024-06-15 04:00:00,short,142.97,142.87,5.986091,855.55,0.6844,1.2833,0.0428,1,soft_sl,142.8719,146.74,0.02677,0.669,market:trend|adx:strong|daily:aligned|obv:aligned|weekend|funding_window|daily_close,-1.41
ETH/USDT,2024-06-15 00:00:00,2024-06-15 04:00:00,short,3480.5,3473.56,0.240365,835.76,0.6686,1.2536,0.0418,1,soft_sl,3473.564,3538.0,0.0179,0.668,adx:strong|daily:aligned|obv:aligned|weekend|funding_window|daily_close,-0.3
SOL/USDT,2024-06-18 08:00:00,2024-06-18 12:00:00,short,136.62,135.72,8.366405,1139.26,0.9114,1.7089,0.057,1,soft_sl,135.7245,140.11,0.04244,1.061,market:trend|adx:trend|daily:aligned|obv:aligned|vol:elevated|funding_window,4.79
SOL/USDT,2024-06-24 08:00:00,2024-06-24 12:00:00,short,125.11,121.96,11.327588,1399.35,1.1195,2.099,0.07,1,soft_sl,121.957,124.88,0.03817,0.954,adx:strong|daily:aligned|obv:aligned|rsi:cold_short|funding_window,32.46
ETH/USDT,2024-06-24 12:00:00,2024-06-24 16:00:00,short,3319.39,3269.06,0.462177,1522.52,1.218,2.2838,-0.1128,1,soft_sl,3269.0615,3324.31,0.02984,1.113,market:trend|adx:trend|daily:aligned|obv:aligned|rsi:cold_short,19.87
ETH/USDT,2024-07-03 16:00:00,2024-07-03 20:00:00,short,3302.59,3258.75,0.840728,2758.15,2.2065,4.1372,0.1379,1,soft_sl,3258.747,3302.1,0.04082,1.021,daily:aligned|obv:aligned|funding_window,30.38
SOL/USDT,2024-07-04 08:00:00,2024-07-04 12:00:00,short,134.36,132.41,9.559202,1275.04,1.02,1.9126,0.0638,1,soft_sl,132.4075,136.44,0.04244,1.061,market:trend|adx:trend|daily:aligned|obv:aligned|vol:elevated|funding_window,15.67
ETH/USDT,2024-07-04 08:00:00,2024-07-04 12:00:00,short,3181.17,3131.73,0.458081,1445.91,1.1567,2.1689,0.0723,1,soft_sl,3131.7255,3187.49,0.02813,1.05,market:trend|adx:strong|daily:aligned|obv:aligned|rsi:cold_short|funding_window,19.25
SOL/USDT,2024-07-16 20:00:00,2024-07-17 00:00:00,long,161.84,161.93,11.277292,1825.63,1.4605,2.7384,0.1826,1,soft_sl,161.931,158.1,0.04665,1.166,market:trend|adx:strong|daily:aligned|obv:aligned|rsi:hot_long,-3.36
SOL/USDT,2024-07-19 20:00:00,2024-07-20 00:00:00,long,170.32,170.43,9.457432,1611.33,1.2891,2.417,0.0806,1,soft_sl,170.4318,166.29,0.04241,1.06,adx:strong|daily:aligned|obv:aligned|rsi:hot_long,-2.76
SOL/USDT,2024-07-29 08:00:00,2024-07-29 12:00:00,long,192.31,192.4,7.166471,1378.49,1.1028,2.0677,0.0689,1,soft_sl,192.3957,187.93,0.0347,0.868,daily:aligned|obv:aligned|rsi:hot_long|funding_window,-2.62
ETH/USDT,2024-08-01 20:00:00,2024-08-02 00:00:00,short,3130.29,3121.54,0.786784,2459.42,1.9675,3.6891,-0.1879,1,soft_sl,3121.5435,3180.08,0.05,1.25,market:trend|adx:trend|daily:aligned|obv:aligned,1.41
ETH/USDT,2024-08-02 20:00:00,2024-08-03 00:00:00,short,3010.53,2972.06,0.596429,1784.09,1.4273,2.6761,-0.1515,1,soft_sl,2972.059,3040.89,0.04453,1.113,market:trend|adx:trend|daily:aligned|obv:aligned|rsi:cold_short,18.99
SOL/USDT,2024-08-04 20:00:00,2024-08-05 00:00:00,short,141.92,138.01,4.278247,598.81,0.479,0.8982,-0.0372,1,soft_sl,138.0101,144.28,0.02881,0.72,market:trend|adx:strong|daily:aligned|obv:aligned|vol:high|weekend,15.39
SOL/USDT,2024-08-05 08:00:00,2024-08-05 12:00:00,short,122.79,112.33,2.620174,308.03,0.2464,0.462,0.0154,1,soft_sl,112.3298,120.61,0.02309,0.577,market:trend|adx:strong|daily:aligned|obv:aligned|vol:extreme|rsi:cold_short|funding_window,26.68
ETH/USDT,2024-08-27 20:00:00,2024-08-28 00:00:00,short,2582.85,2417.23,1.017005,2542.55,2.034,3.8138,0.155,1,soft_sl,2417.2275,2459.71,0.04536,1.134,daily:aligned|obv:aligned,162.44
BNB/USDT,2024-08-28 04:00:00,2024-08-28 08:00:00,short,537.67,532.95,4.967614,2659.22,2.1274,3.9888,0.0,1,soft_sl,532.9525,543.36,0.05,1.25,market:trend|adx:trend|daily:aligned|obv:aligned,17.32
SOL/USDT,2024-08-30 00:00:00,2024-08-30 04:00:00,short,139.95,138.55,10.110595,1407.88,1.1263,2.1118,0.0704,1,soft_sl,138.5472,142.49,0.03825,0.956,market:trend|adx:strong|daily:aligned|obv:aligned|funding_window|daily_close,10.85
SOL/USDT,2024-09-02 04:00:00,2024-09-02 08:00:00,short,130.13,127.26,14.450674,1859.78,1.4878,2.7897,0.093,1,soft_sl,127.2627,130.88,0.0499,1.247,adx:strong|daily:aligned|obv:aligned,37.12
ETH/USDT,2024-09-02 04:00:00,2024-09-02 08:00:00,short,2449.15,2434.57,0.73018,1783.0,1.4264,2.6745,0.0891,1,soft_sl,2434.5725,2482.54,0.03343,1.247,adx:strong|daily:aligned|obv:aligned,6.45
BNB/USDT,2024-09-02 12:00:00,2024-09-02 16:00:00,short,519.07,516.39,5.299043,2743.48,2.1948,4.1152,0.0,1,soft_sl,516.3925,526.48,0.05,1.25,market:trend|adx:strong|daily:aligned|obv:aligned,7.88
ETH/USDT,2024-09-04 08:00:00,2024-09-04 12:00:00,short,2400.11,2387.98,0.897556,2148.79,1.719,3.2232,0.1074,1,soft_sl,2387.9805,2441.69,0.04491,1.123,adx:strong|daily:aligned|obv:aligned|funding_window,5.84
BNB/USDT,2024-09-04 16:00:00,2024-09-04 20:00:00,short,508.85,505.83,4.438756,2251.96,1.8016,3.3779,0.1126,1,soft_sl,505.8325,516.74,0.045,1.125,market:trend|adx:strong|daily:aligned|obv:aligned|funding_window,8.1
ETH/USDT,2024-09-06 20:00:00,2024-09-07 00:00:00,short,2221.5,2160.72,0.853551,1870.23,1.4962,2.8053,-0.0045,1,soft_sl,2160.725,2219.78,0.04665,1.166,market:trend|adx:strong|daily:aligned|obv:aligned|rsi:cold_short,47.58
BNB/USDT,2024-09-06 20:00:00,2024-09-07 00:00:00,short,482.17,472.68,3.483146,1662.93,1.3303,2.4944,0.0,1,soft_sl,472.6755,483.07,0.0335,1.25,market:trend|adx:strong|daily:aligned|obv:aligned,29.25
BNB/USDT,2024-09-13 20:00:00,2024-09-14 00:00:00,long,554.41,558.83,6.515437,3626.62,2.9013,5.4399,0.0,1,soft_sl,558.83,550.24,0.05,1.25,market:trend|adx:trend|daily:aligned|obv:aligned,20.46
BNB/USDT,2024-09-15 20:00:00,2024-09-16 00:00:00,long,556.72,560.14,5.952397,3323.99,2.6592,4.986,0.0,1,soft_sl,560.137,553.81,0.03334,0.833,adx:trend|daily:aligned|obv:aligned|weekend,12.69
BNB/USDT,2024-09-19 20:00:00,2024-09-20 00:00:00,long,565.72,567.17,6.186271,3504.19,2.8034,5.2563,-0.259,1,soft_sl,567.1735,558.85,0.04536,1.134,daily:aligned|obv:aligned,1.19
BNB/USDT,2024-09-21 12:00:00,2024-09-21 16:00:00,long,580.51,585.07,4.669802,2721.52,2.1772,4.0823,0.0,1,soft_sl,585.0745,576.56,0.035,0.875,market:trend|adx:trend|daily:aligned|obv:aligned|weekend,15.06
BNB/USDT,2024-09-23 08:00:00,2024-09-23 12:00:00,long,591.15,592.72,5.732798,3393.45,2.7148,5.0902,0.1697,1,soft_sl,592.7225,583.77,0.04491,1.123,adx:strong|daily:aligned|obv:aligned|funding_window,1.04
SOL/USDT,2024-10-07 08:00:00,2024-10-07 12:00:00,long,147.98,148.97,16.706527,2480.53,1.9844,3.7208,0.124,1,soft_sl,148.9714,146.18,0.04082,1.021,daily:aligned|obv:aligned|funding_window,10.7
BNB/USDT,2024-10-07 08:00:00,2024-10-07 12:00:00,long,575.74,577.24,4.480003,2582.67,2.0661,3.874,0.1291,1,soft_sl,577.236,570.25,0.02735,1.021,daily:aligned|obv:aligned|funding_window,0.63
ETH/USDT,2024-10-20 20:00:00,2024-10-21 00:00:00,long,2699.21,2750.56,1.271782,3465.46,2.7724,5.1982,0.3465,1,soft_sl,2750.5585,2718.98,0.03493,0.873,adx:strong|daily:aligned|obv:aligned|weekend,56.99
ETH/USDT,2024-10-21 04:00:00,2024-10-21 08:00:00,long,2734.83,2744.43,1.701482,4661.43,3.7291,6.9921,0.4661,1,soft_sl,2744.4265,2709.88,0.0499,1.247,adx:strong|daily:aligned|obv:aligned,5.14
SOL/USDT,2024-10-24 00:00:00,2024-10-24 04:00:00,long,170.82,174.34,10.880483,1877.75,1.5022,2.8166,0.0939,1,soft_sl,174.339,170.39,0.03644,0.911,adx:trend|daily:aligned|obv:aligned|funding_window|daily_close,33.88
ETH/USDT,2024-10-26 04:00:00,2024-10-26 08:00:00,short,2451.39,2450.56,0.856947,2100.35,1.6803,3.1505,0.105,1,soft_sl,2450.557,2499.47,0.035,0.875,market:trend|adx:strong|daily:aligned|obv:aligned|weekend,-4.22
ETH/USDT,2024-10-29 08:00:00,2024-10-29 12:00:00,long,2613.09,2634.83,1.279942,3358.52,2.6868,5.0378,0.1679,1,soft_sl,2634.833,2592.8,0.045,1.125,market:trend|adx:trend|daily:aligned|obv:aligned|funding_window,19.94
BNB/USDT,2024-10-29 08:00:00,2024-10-29 12:00:00,long,604.58,607.47,5.084143,3081.12,2.4649,4.6217,0.1541,1,soft_sl,607.47,601.04,0.02735,1.021,daily:aligned|obv:aligned|funding_window,7.45
ETH/USDT,2024-10-29 20:00:00,2024-10-30 00:00:00,long,2624.43,2645.15,1.430758,3769.75,3.0158,5.6546,0.377,1,soft_sl,2645.153,2602.89,0.05,1.25,market:trend|adx:trend|daily:aligned|obv:aligned,20.6
BNB/USDT,2024-11-02 20:00:00,2024-11-03 00:00:00,short,569.54,567.18,6.164202,3503.48,2.8028,5.2552,0.0,1,soft_sl,567.177,574.1,0.035,0.875,market:trend|adx:strong|daily:aligned|obv:aligned|weekend,6.51
BNB/USDT,2024-11-03 20:00:00,2024-11-04 00:00:00,short,556.89,555.86,5.791866,3222.45,2.578,4.8337,0.0,1,soft_sl,555.8615,563.25,0.035,0.875,market:trend|adx:strong|daily:aligned|obv:aligned|weekend,-1.45
ETH/USDT,2024-11-05 04:00:00,2024-11-05 08:00:00,short,2419.73,2416.75,1.438509,3478.66,2.7829,5.218,0.1739,1,soft_sl,2416.7465,2459.14,0.0499,1.247,adx:strong|daily:aligned|obv:aligned,-3.88
SOL/USDT,2024-11-06 08:00:00,2024-11-06 12:00:00,long,184.07,186.45,8.343947,1545.8,1.2366,2.3187,0.0773,1,soft_sl,186.45,181.38,0.0347,0.868,daily:aligned|obv:aligned|rsi:hot_long|funding_window,16.23
SOL/USDT,2024-11-11 20:00:00,2024-11-12 00:00:00,long,217.96,223.39,7.992546,1763.76,1.411,2.6456,0.0882,1,soft_sl,223.3915,216.87,0.04241,1.06,adx:strong|daily:aligned|obv:aligned|rsi:hot_long,39.27
BNB/USDT,2024-11-12 04:00:00,2024-11-12 08:00:00,long,654.66,656.07,3.414783,2237.93,1.7903,3.3569,0.9548,1,soft_sl,656.071,638.88,0.04704,1.176,market:trend|adx:strong|daily:aligned|obv:against,-1.28
SOL/USDT,2024-11-22 00:00:00,2024-11-22 04:00:00,long,256.59,263.43,5.783909,1503.88,1.2031,2.2558,0.0752,1,soft_sl,263.4325,255.95,0.0347,0.868,daily:aligned|obv:aligned|funding_window|daily_close,36.04
ETH/USDT,2024-11-23 20:00:00,2024-11-24 00:00:00,long,3410.21,3427.55,0.511407,1748.44,1.3988,2.6227,0.0874,1,soft_sl,3427.55,3348.99,0.03175,0.794,daily:aligned|obv:aligned|weekend,4.76
BNB/USDT,2024-11-30 12:00:00,2024-11-30 16:00:00,long,658.66,664.86,3.011551,1992.92,1.5943,2.9894,0.3526,1,soft_sl,664.8565,651.49,0.03175,0.794,daily:aligned|obv:aligned|weekend,13.72
ETH/USDT,2024-12-04 20:00:00,2024-12-05 00:00:00,long,3843.36,3883.85,0.720736,2784.64,2.2277,4.177,0.1392,1,soft_sl,3883.854,3803.64,0.04536,1.134,daily:aligned|obv:aligned,22.64
ETH/USDT,2024-12-06 20:00:00,2024-12-07 00:00:00,long,4071.0,4089.56,0.567446,2315.34,1.8523,3.473,0.7083,1,soft_sl,4089.5555,3986.77,0.04536,1.134,daily:aligned|obv:aligned,4.5
SOL/USDT,2024-12-20 00:00:00,2024-12-20 04:00:00,short,193.71,191.92,6.543618,1261.7,1.0094,1.8925,0.0631,1,soft_sl,191.9165,199.36,0.03779,0.945,market:trend|adx:strong|daily:aligned|obv:aligned|vol:elevated|funding_window|daily_close,8.77
SOL/USDT,2025-01-03 16:00:00,2025-01-03 20:00:00,long,217.27,219.33,11.49224,2508.74,2.007,3.7631,0.1254,1,soft_sl,219.327,214.6,0.04199,1.05,market:trend|adx:strong|daily:aligned|obv:aligned|rsi:hot_long|funding_window,17.74
ETH/USDT,2025-01-04 00:00:00,2025-01-04 04:00:00,long,3607.9,3618.1,0.585125,2114.06,1.6912,3.1711,0.1057,1,soft_sl,3618.1,3564.08,0.02429,0.607,daily:aligned|obv:aligned|weekend|funding_window|daily_close,1.0
SOL/USDT,2025-01-06 20:00:00,2025-01-07 00:00:00,long,219.9,220.26,16.603728,3654.12,2.9233,5.4812,-0.0911,1,soft_sl,220.257,216.34,0.0499,1.247,adx:strong|daily:aligned|obv:aligned,-2.39
ETH/USDT,2025-01-06 20:00:00,2025-01-07 00:00:00,long,3686.46,3700.51,0.824269,3044.43,2.4355,4.5666,0.3044,1,soft_sl,3700.5105,3647.71,0.03343,1.247,adx:strong|daily:aligned|obv:aligned,4.27
SOL/USDT,2025-01-08 08:00:00,2025-01-08 12:00:00,short,195.56,194.56,12.235993,2386.73,1.9094,3.5801,0.1193,1,soft_sl,194.557,199.03,0.04199,1.05,market:trend|adx:strong|daily:aligned|obv:aligned|rsi:cold_short|funding_window,6.66
SOL/USDT,2025-01-13 16:00:00,2025-01-13 20:00:00,short,178.69,175.0,11.665674,2063.02,1.6504,3.0945,0.1032,1,soft_sl,175.001,180.03,0.04491,1.123,adx:strong|daily:aligned|obv:aligned|funding_window,38.19
BNB/USDT,2025-01-15 20:00:00,2025-01-16 00:00:00,long,708.16,713.74,6.228849,4428.41,3.5427,6.6426,0.0,1,soft_sl,713.7445,704.09,0.04536,1.134,daily:aligned|obv:aligned,24.6
SOL/USDT,2025-01-16 16:00:00,2025-01-16 20:00:00,long,208.99,214.45,10.344365,2190.09,1.7521,3.2851,0.1095,1,soft_sl,214.447,208.63,0.045,1.125,market:trend|adx:strong|daily:aligned|obv:aligned|funding_window,51.3
BNB/USDT,2025-01-27 08:00:00,2025-01-27 12:00:00,short,646.84,641.54,6.062626,3905.47,3.1244,5.8582,0.1953,1,soft_sl,641.536,650.55,0.04008,1.002,market:trend|adx:trend|daily:aligned|obv:aligned|rsi:cold_short|funding_window,22.98
BNB/USDT,2025-02-02 04:00:00,2025-02-02 08:00:00,short,649.69,649.21,5.29508,3438.9,2.7511,5.1584,0.0,1,soft_sl,649.214,657.46,0.03175,0.794,daily:aligned|obv:aligned|weekend,-5.39
BNB/USDT,2025-02-02 20:00:00,2025-02-03 04:00:00,short,624.21,517.82,4.122721,2354.13,1.8833,3.5312,0.0,2,soft_sl,517.8155,528.68,0.03266,0.816,market:trend|adx:strong|daily:aligned|obv:aligned|rsi:cold_short|weekend,433.22
SOL/USDT,2025-02-03 00:00:00,2025-02-03 08:00:00,short,203.42,191.28,3.269071,645.15,0.5161,0.9677,0.0798,2,soft_sl,191.282,199.33,0.01899,0.709,market:trend|adx:strong|daily:aligned|obv:aligned|vol:elevated|weekly_open|funding_window|daily_close,38.12
SOL/USDT,2025-02-17 20:00:00,2025-02-18 00:00:00,short,176.97,176.88,15.70951,2779.44,2.2236,4.1692,-0.0973,1,soft_sl,176.885,181.44,0.04453,1.113,market:trend|adx:trend|daily:aligned|obv:aligned|rsi:cold_short,-4.96
SOL/USDT,2025-02-24 08:00:00,2025-02-24 12:00:00,short,160.9,156.15,15.748035,2496.45,1.9972,3.7447,0.1248,1,soft_sl,156.1485,160.31,0.04082,1.021,daily:aligned|obv:aligned|funding_window,68.96
SOL/USDT,2025-02-28 08:00:00,2025-02-28 12:00:00,short,128.46,127.95,9.611535,1232.25,0.9858,1.8484,0.0616,1,soft_sl,127.95,133.7,0.03368,0.842,adx:strong|daily:aligned|obv:aligned|vol:high|funding_window,2.01
BNB/USDT,2025-02-28 08:00:00,2025-02-28 12:00:00,short,566.81,560.65,3.115424,1756.25,1.405,2.6344,0.0878,1,soft_sl,560.6475,575.45,0.02813,1.05,market:trend|adx:strong|daily:aligned|obv:aligned|rsi:cold_short|funding_window,15.07
ETH/USDT,2025-03-04 08:00:00,2025-03-04 12:00:00,short,2079.67,2070.97,0.626729,1300.66,1.0405,1.951,0.0489,1,soft_sl,2070.966,2168.39,0.03705,0.926,market:trend|adx:strong|daily:aligned|obv:aligned|vol:high|funding_window,2.41
BNB/USDT,2025-03-04 08:00:00,2025-03-04 12:00:00,short,564.78,563.48,3.304598,1864.22,1.4914,2.7963,0.1029,1,soft_sl,563.4795,578.52,0.03015,1.125,market:trend|adx:trend|daily:aligned|obv:aligned|funding_window,-0.09
BNB/USDT,2025-03-09 20:00:00,2025-03-10 00:00:00,short,560.15,551.39,4.279548,2378.44,1.9027,3.5677,0.2565,1,soft_sl,551.3865,561.79,0.02699,0.675,daily:aligned|obv:aligned|rsi:cold_short|weekend,31.78
ETH/USDT,2025-03-10 00:00:00,2025-03-10 04:00:00,short,2019.34,1997.41,0.406319,816.04,0.6528,1.2241,0.0408,1,soft_sl,1997.41,2061.59,0.01569,0.586,daily:aligned|obv:aligned|vol:elevated|weekly_open|funding_window|daily_close,6.99
SOL/USDT,2025-03-10 20:00:00,2025-03-11 00:00:00,short,119.64,117.8,9.201129,1092.38,0.8739,1.6386,0.1273,1,soft_sl,117.804,123.31,0.03036,0.759,adx:trend|daily:aligned|obv:aligned|vol:high|rsi:cold_short,14.25
ETH/USDT,2025-03-11 00:00:00,2025-03-11 04:00:00,short,1864.52,1769.3,0.423711,769.85,0.6159,1.1548,0.0385,1,soft_sl,1769.303,1848.92,0.02014,0.751,market:trend|adx:trend|daily:aligned|obv:aligned|vol:high|funding_window|daily_close,38.54
SOL/USDT,2025-03-28 12:00:00,2025-03-28 16:00:00,short,131.82,129.47,23.650248,3089.73,2.4718,4.6346,0.2889,1,soft_sl,129.4655,132.72,0.04536,1.134,daily:aligned|obv:aligned,48.29
ETH/USDT,2025-03-28 12:00:00,2025-03-28 16:00:00,short,1899.41,1874.85,1.334521,2518.41,2.0147,3.7776,0.0279,1,soft_sl,1874.845,1912.74,0.02984,1.113,market:trend|adx:trend|daily:aligned|obv:aligned|rsi:cold_short,26.96
SOL/USDT,2025-04-03 04:00:00,2025-04-03 08:00:00,short,119.76,118.07,14.522434,1726.92,1.3815,2.5904,0.1262,1,soft_sl,118.0685,122.45,0.03674,0.919,adx:trend|daily:aligned|obv:against|vol:elevated,20.47
SOL/USDT,2025-04-03 20:00:00,2025-04-04 00:00:00,short,115.33,115.01,20.801309,2395.66,1.9165,3.5935,0.8057,1,soft_sl,115.007,119.15,0.0494,1.235,market:trend|adx:strong|daily:aligned|obv:aligned|vol:elevated,0.4
SOL/USDT,2025-04-07 00:00:00,2025-04-07 04:00:00,short,105.84,102.69,12.52128,1305.51,1.0444,1.9583,0.0653,1,soft_sl,102.6865,106.45,0.02705,0.676,market:trend|adx:trend|daily:aligned|obv:aligned|vol:elevated|weekly_open|funding_window|daily_close,36.42
SOL/USDT,2025-04-07 08:00:00,2025-04-07 12:00:00,short,97.07,96.88,13.118613,1272.2,1.0178,1.9083,0.0636,1,soft_sl,96.883,101.11,0.03149,0.787,market:trend|adx:strong|daily:aligned|obv:aligned|vol:high|rsi:cold_short|funding_window,-0.54
SOL/USDT,2025-04-22 20:00:00,2025-04-23 00:00:00,long,144.17,149.37,25.368145,3723.31,2.9786,5.585,0.3723,1,soft_sl,149.372,146.07,0.04763,1.191,adx:trend|daily:aligned|obv:aligned,123.03
SOL/USDT,2025-04-23 04:00:00,2025-04-23 08:00:00,long,149.15,151.78,23.332728,3510.72,2.8086,5.2661,0.1755,1,soft_sl,151.7765,148.3,0.04453,1.113,market:trend|adx:trend|daily:aligned|obv:aligned|rsi:hot_long,53.03
ETH/USDT,2025-05-14 00:00:00,2025-05-14 04:00:00,long,2678.58,2718.0,0.75009,2023.96,1.6192,3.0359,0.2024,1,soft_sl,2718.003,2633.31,0.03435,0.859,adx:strong|daily:aligned|obv:aligned|vol:elevated|funding_window|daily_close,24.71
BNB/USDT,2025-05-22 00:00:00,2025-05-22 04:00:00,long,673.59,687.53,7.197946,4898.63,3.9189,7.348,0.0,1,soft_sl,687.53,678.56,0.0347,0.868,daily:aligned|obv:aligned|funding_window|daily_close,89.07
BNB/USDT,2025-05-22 08:00:00,2025-05-22 12:00:00,long,683.0,687.31,9.060535,6207.87,4.9663,9.3118,0.3104,1,soft_sl,687.3095,677.84,0.045,1.125,market:trend|adx:trend|daily:aligned|obv:aligned|funding_window,24.46
ETH/USDT,2025-06-04 20:00:00,2025-06-05 00:00:00,long,2622.36,2623.58,1.788498,4691.17,3.7529,7.0368,0.2346,1,soft_sl,2623.5755,2574.92,0.04536,1.134,daily:aligned|obv:aligned,-8.85
SOL/USDT,2025-06-05 20:00:00,2025-06-06 00:00:00,short,146.12,142.13,27.186034,3918.23,3.1346,5.8774,0.1959,1,soft_sl,142.1335,145.65,0.05,1.25,market:trend|adx:trend|daily:aligned|obv:aligned,99.17
BNB/USDT,2025-06-10 04:00:00,2025-06-10 08:00:00,long,664.03,664.32,16.49381,10954.77,8.7638,16.4322,0.5477,1,soft_sl,664.319,658.92,0.04536,1.134,daily:aligned|obv:aligned,-20.98
SOL/USDT,2025-06-11 00:00:00,2025-06-11 04:00:00,long,165.06,167.08,20.599921,3421.06,2.7368,5.1316,0.1711,1,soft_sl,167.083,163.46,0.03825,0.956,market:trend|adx:trend|daily:aligned|obv:aligned|funding_window|daily_close,33.63
ETH/USDT,2025-06-11 20:00:00,2025-06-12 00:00:00,long,2811.93,2827.29,1.61164,4544.2,3.6354,6.8163,0.2272,1,soft_sl,2827.2895,2766.18,0.05,1.25,market:trend|adx:strong|daily:aligned|obv:aligned,14.08
SOL/USDT,2025-06-13 08:00:00,2025-06-13 12:00:00,short,144.92,143.76,21.18047,3057.14,2.4457,4.5857,0.2834,1,soft_sl,143.7555,147.96,0.045,1.125,market:trend|adx:trend|daily:aligned|obv:aligned|funding_window,17.35
SOL/USDT,2025-06-20 20:00:00,2025-06-21 00:00:00,short,139.79,138.77,27.973664,3896.17,3.1169,5.8443,0.1948,1,soft_sl,138.77,142.31,0.0499,1.247,adx:strong|daily:aligned|obv:aligned,19.38
BNB/USDT,2025-06-21 20:00:00,2025-06-22 00:00:00,short,630.59,622.36,11.8188,7404.19,5.9234,11.1063,0.3702,1,soft_sl,622.362,628.26,0.03493,0.873,adx:strong|daily:aligned|obv:aligned|weekend,79.85
SOL/USDT,2025-06-22 04:00:00,2025-06-22 08:00:00,short,135.03,134.61,19.470972,2625.11,2.1001,3.9377,-0.1041,1,soft_sl,134.6135,138.26,0.03493,0.873,adx:strong|daily:aligned|obv:aligned|weekend,2.18
ETH/USDT,2025-06-22 04:00:00,2025-06-22 08:00:00,short,2263.5,2261.03,0.764384,1729.24,1.3834,2.5939,0.0305,1,soft_sl,2261.0265,2319.28,0.02188,0.816,market:trend|adx:strong|daily:aligned|obv:aligned|rsi:cold_short|weekend,-2.12
SOL/USDT,2025-06-30 20:00:00,2025-07-01 00:00:00,long,157.72,157.76,30.825511,4862.45,3.89,7.2937,0.2431,1,soft_sl,157.7625,154.47,0.0499,1.247,adx:strong|daily:aligned|obv:aligned,-10.12
BNB/USDT,2025-07-03 00:00:00,2025-07-03 04:00:00,long,659.96,661.14,15.476675,10223.13,8.1785,15.3347,0.0,1,soft_sl,661.1415,656.59,0.0347,0.868,daily:aligned|obv:aligned|funding_window|daily_close,-5.23
ETH/USDT,2025-07-09 00:00:00,2025-07-09 04:00:00,long,2613.97,2624.2,1.872392,4903.95,3.9232,7.3559,0.2404,1,soft_sl,2624.1955,2586.62,0.0347,0.868,daily:aligned|obv:aligned|funding_window|daily_close,7.63
ETH/USDT,2025-07-09 20:00:00,2025-07-10 00:00:00,long,2763.56,2780.34,2.026128,5616.32,4.4931,8.4245,0.2808,1,soft_sl,2780.339,2733.57,0.04665,1.166,market:trend|adx:strong|daily:aligned|obv:aligned|rsi:hot_long,20.8
SOL/USDT,2025-07-10 00:00:00,2025-07-10 04:00:00,long,157.0,158.98,18.651287,2946.72,2.3574,4.4201,0.2947,1,soft_sl,158.9805,156.44,0.02325,0.868,daily:aligned|obv:aligned|funding_window|daily_close,29.87
BNB/USDT,2025-07-11 00:00:00,2025-07-11 04:00:00,long,686.3,691.03,11.713685,8066.83,6.4535,12.1002,0.0,1,soft_sl,691.0345,685.86,0.0295,0.737,daily:aligned|obv:aligned|rsi:hot_long|funding_window|daily_close,36.9
BNB/USDT,2025-07-14 12:00:00,2025-07-14 12:00:00,long,704.87,691.25,15.235362,10635.2,8.5082,15.9528,0.5318,1,soft_sl,691.25,684.44,0.05,1.25,market:trend|adx:strong|daily:aligned|obv:aligned,-232.5
SOL/USDT,2025-07-17 00:00:00,2025-07-17 04:00:00,long,173.65,174.72,20.359099,3546.26,2.837,5.3194,0.3546,1,soft_sl,174.721,171.04,0.03825,0.956,market:trend|adx:trend|daily:aligned|obv:aligned|funding_window|daily_close,13.29
BNB/USDT,2025-07-23 08:00:00,2025-07-23 12:00:00,long,794.87,807.08,5.688142,4556.07,3.6449,6.8341,1.093,1,soft_sl,807.0845,792.58,0.04199,1.05,market:trend|adx:strong|daily:aligned|obv:aligned|rsi:hot_long|funding_window,57.91
BNB/USDT,2025-07-27 20:00:00,2025-07-28 00:00:00,long,830.96,845.44,4.03659,3383.48,2.7068,5.0752,0.1692,1,soft_sl,845.444,832.11,0.02699,0.675,daily:aligned|obv:aligned|rsi:hot_long|weekend,50.51
BNB/USDT,2025-08-09 12:00:00,2025-08-09 16:00:00,long,812.15,815.48,6.359857,5175.75,4.1406,7.7636,0.2588,1,soft_sl,815.482,805.11,0.03266,0.816,market:trend|adx:strong|daily:aligned|obv:aligned|rsi:hot_long|weekend,9.03
BNB/USDT,2025-08-11 08:00:00,2025-08-11 12:00:00,long,812.12,816.22,8.035715,6542.43,5.2339,9.8136,0.3271,1,soft_sl,816.217,804.91,0.04491,1.123,adx:strong|daily:aligned|obv:aligned|funding_window,17.55
ETH/USDT,2025-08-12 20:00:00,2025-08-13 00:00:00,long,4515.18,4621.28,0.895079,4088.93,3.2711,6.1334,0.4089,1,soft_sl,4621.277,4524.95,0.04241,1.06,adx:strong|daily:aligned|obv:aligned|rsi:hot_long,85.15
SOL/USDT,2025-08-13 00:00:00,2025-08-13 04:00:00,long,191.77,198.42,11.672416,2277.21,1.8218,3.4158,0.1139,1,soft_sl,198.417,193.88,0.02563,0.956,market:trend|adx:trend|daily:aligned|obv:aligned|funding_window|daily_close,72.24
SOL/USDT,2025-08-13 08:00:00,2025-08-13 12:00:00,long,198.79,202.21,18.457696,3700.74,2.9606,5.5511,0.3701,1,soft_sl,202.207,197.4,0.04199,1.05,market:trend|adx:strong|daily:aligned|obv:aligned|rsi:hot_long|funding_window,54.19
BNB/USDT,2025-08-13 12:00:00,2025-08-13 16:00:00,long,855.45,859.32,4.974872,4265.37,3.4123,6.3981,0.2133,1,soft_sl,859.3175,845.92,0.03126,1.166,market:trend|adx:strong|daily:aligned|obv:aligned|rsi:hot_long,9.22
ETH/USDT,2025-08-23 00:00:00,2025-08-23 04:00:00,long,4830.36,4830.37,0.36133,1745.36,1.3963,2.618,0.1745,1,soft_sl,4830.3685,4707.9,0.02065,0.516,daily:aligned|obv:aligned|rsi:hot_long|weekend|funding_window|daily_close,-4.19
SOL/USDT,2025-09-09 12:00:00,2025-09-09 16:00:00,long,217.19,218.28,26.627892,5797.8,4.6382,8.6967,0.5798,1,soft_sl,218.278,214.63,0.04536,1.134,daily:aligned|obv:aligned,15.06
SOL/USDT,2025-09-10 20:00:00,2025-09-11 00:00:00,long,221.14,224.07,23.929864,5326.94,4.2615,7.9904,0.2638,1,soft_sl,224.0725,220.0,0.04536,1.134,daily:aligned|obv:aligned,57.66
BNB/USDT,2025-09-10 20:00:00,2025-09-11 00:00:00,long,891.2,895.08,8.141677,7271.68,5.8173,10.9075,0.0,1,soft_sl,895.0845,886.66,0.03191,1.191,adx:trend|daily:aligned|obv:aligned,14.9
SOL/USDT,2025-09-11 20:00:00,2025-09-12 00:00:00,long,226.51,228.5,27.291367,6208.91,4.9671,9.3134,0.3104,1,soft_sl,228.499,224.5,0.0499,1.247,adx:strong|daily:aligned|obv:aligned,39.69
BNB/USDT,2025-09-17 00:00:00,2025-09-17 04:00:00,long,956.26,962.58,7.561921,7255.07,5.8041,10.8826,1.1277,1,soft_sl,962.584,951.43,0.03825,0.956,market:trend|adx:strong|daily:aligned|obv:aligned|funding_window|daily_close,30.01
BNB/USDT,2025-09-20 20:00:00,2025-09-21 00:00:00,long,1019.53,1045.43,4.736392,4890.23,3.9122,7.3353,0.0,1,soft_sl,1045.4295,1031.52,0.02969,0.742,adx:strong|daily:aligned|obv:aligned|rsi:hot_long|weekend,111.42
BNB/USDT,2025-10-02 20:00:00,2025-10-03 00:00:00,long,1074.63,1096.48,6.262061,6797.82,5.4383,10.1967,0.3399,1,soft_sl,1096.4835,1081.07,0.04241,1.06,adx:strong|daily:aligned|obv:aligned|rsi:hot_long,120.87
BNB/USDT,2025-10-06 12:00:00,2025-10-06 16:00:00,long,1223.19,1237.7,3.981839,4899.43,3.9195,7.3491,0.245,1,soft_sl,1237.6995,1212.82,0.04241,1.06,adx:strong|daily:aligned|obv:aligned|rsi:hot_long,46.26
ETH/USDT,2025-10-06 20:00:00,2025-10-07 00:00:00,long,4720.85,4732.87,1.428847,6753.96,5.4032,10.1309,0.6754,1,soft_sl,4732.869,4662.84,0.04241,1.06,adx:strong|daily:aligned|obv:aligned|rsi:hot_long,0.96
BNB/USDT,2025-10-27 16:00:00,2025-10-27 20:00:00,long,1143.0,1151.5,4.386101,5031.95,4.0256,7.5479,0.2516,1,soft_sl,1151.5,1129.54,0.04082,1.021,daily:aligned|obv:aligned|funding_window,25.46
ETH/USDT,2025-10-30 00:00:00,2025-10-30 04:00:00,short,3900.38,3885.06,1.037715,4039.54,3.2316,6.0593,0.1369,1,soft_sl,3885.063,3964.39,0.0347,0.868,daily:aligned|obv:aligned|funding_window|daily_close,6.47
ETH/USDT,2025-10-30 20:00:00,2025-10-31 00:00:00,short,3685.25,3679.37,1.238962,4562.24,3.6498,6.8434,-0.1469,1,soft_sl,3679.368,3764.75,0.04453,1.113,market:trend|adx:trend|daily:aligned|obv:aligned|rsi:cold_short,-3.06
SOL/USDT,2025-11-03 08:00:00,2025-11-03 12:00:00,short,176.37,173.59,23.779091,4160.87,3.3287,6.2413,0.7094,1,soft_sl,173.5905,177.87,0.04287,1.072,adx:trend|daily:aligned|obv:aligned|funding_window,55.81
ETH/USDT,2025-11-03 20:00:00,2025-11-04 00:00:00,short,3629.61,3567.04,1.502574,5406.75,4.3254,8.1101,0.2703,1,soft_sl,3567.0415,3646.97,0.05,1.25,market:trend|adx:strong|daily:aligned|obv:aligned,81.31
ETH/USDT,2025-11-04 12:00:00,2025-11-04 16:00:00,short,3527.78,3479.84,1.41475,4957.02,3.9656,7.4355,-0.2417,1,soft_sl,3479.84,3566.17,0.05,1.25,market:trend|adx:strong|daily:aligned|obv:aligned,56.66
SOL/USDT,2025-11-14 00:00:00,2025-11-14 04:00:00,short,144.63,142.92,16.397498,2357.56,1.8861,3.5363,0.1179,1,soft_sl,142.9215,147.63,0.03123,0.781,daily:aligned|obv:aligned|vol:elevated|funding_window|daily_close,22.47
SOL/USDT,2025-11-18 00:00:00,2025-11-18 04:00:00,short,130.9,129.2,20.502429,2666.34,2.1331,3.9995,-0.0559,1,soft_sl,129.2,133.36,0.03435,0.859,adx:strong|daily:aligned|obv:aligned|vol:elevated|funding_window|daily_close,28.78
ETH/USDT,2025-11-18 00:00:00,2025-11-18 04:00:00,short,3030.06,2956.32,0.701853,2100.78,1.6806,3.1512,-0.1902,1,soft_sl,2956.3225,3046.77,0.02557,0.954,adx:strong|daily:aligned|obv:aligned|funding_window|daily_close,47.11
ETH/USDT,2025-11-20 00:00:00,2025-11-20 04:00:00,short,3024.08,3006.51,0.887654,2676.54,2.1412,4.0148,0.1338,1,soft_sl,3006.5105,3099.61,0.03279,0.82,adx:trend|daily:aligned|obv:aligned|vol:elevated|funding_window|daily_close,9.31
BNB/USDT,2025-11-20 00:00:00,2025-11-20 04:00:00,short,897.65,894.25,3.139937,2813.23,2.2506,4.2198,0.1407,1,soft_sl,894.25,914.82,0.02563,0.956,market:trend|adx:strong|daily:aligned|obv:aligned|funding_window|daily_close,4.06
ETH/USDT,2025-11-21 00:00:00,2025-11-21 04:00:00,short,2832.96,2778.47,1.037177,2910.03,2.328,4.365,-0.097,1,soft_sl,2778.475,2870.54,0.03779,0.945,market:trend|adx:strong|daily:aligned|obv:aligned|vol:elevated|funding_window|daily_close,49.91
SOL/USDT,2025-11-21 12:00:00,2025-11-21 16:00:00,short,124.24,121.95,19.745736,2430.64,1.9445,3.646,0.1215,1,soft_sl,121.9535,127.03,0.03929,0.982,market:trend|adx:trend|daily:aligned|obv:aligned|vol:high,39.44
ETH/USDT,2025-11-21 12:00:00,2025-11-21 16:00:00,short,2687.44,2630.12,0.717981,1908.95,1.5272,2.8634,0.0954,1,soft_sl,2630.116,2730.1,0.02813,1.05,market:trend|adx:strong|daily:aligned|obv:aligned|vol:elevated|rsi:cold_short,36.67
ETH/USDT,2025-12-01 08:00:00,2025-12-01 12:00:00,short,2838.43,2828.71,1.985117,5624.97,4.5,8.4375,-0.4363,1,soft_sl,2828.7145,2881.97,0.04082,1.021,daily:aligned|obv:aligned|funding_window,6.79
SOL/USDT,2025-12-01 20:00:00,2025-12-02 00:00:00,short,123.79,123.76,35.487342,4392.37,3.5139,6.5886,0.2196,1,soft_sl,123.756,126.57,0.03856,0.964,daily:aligned|obv:aligned|rsi:cold_short,-9.12
BNB/USDT,2025-12-01 20:00:00,2025-12-02 00:00:00,short,814.72,814.58,5.829166,4748.74,3.799,7.1231,0.2374,1,soft_sl,814.584,829.49,0.0335,1.25,market:trend|adx:trend|daily:aligned|obv:aligned,-10.37
ETH/USDT,2025-12-12 20:00:00,2025-12-13 00:00:00,short,3071.94,3066.71,1.295175,3975.31,3.1803,5.963,0.1988,1,soft_sl,3066.7125,3144.27,0.03888,0.972,daily:aligned|obv:against,-2.57
ETH/USDT,2025-12-15 20:00:00,2025-12-16 00:00:00,short,2938.68,2918.7,1.720928,5040.07,4.0321,7.5601,0.252,1,soft_sl,2918.705,2986.77,0.04536,1.134,daily:aligned|obv:aligned,22.53
ETH/USDT,2025-12-18 00:00:00,2025-12-18 04:00:00,short,2831.99,2821.9,1.460956,4130.04,3.304,6.1951,0.0757,1,soft_sl,2821.9005,2889.8,0.03825,0.956,market:trend|adx:strong|daily:aligned|obv:aligned|funding_window|daily_close,5.17
ETH/USDT,2025-12-19 00:00:00,2025-12-19 04:00:00,short,2827.32,2809.33,1.283041,3616.02,2.8928,5.424,0.1808,1,soft_sl,2809.3255,2883.05,0.03644,0.911,adx:trend|daily:aligned|obv:aligned|funding_window|daily_close,14.59
BNB/USDT,2025-12-19 00:00:00,2025-12-19 04:00:00,short,830.25,823.59,4.065446,3361.81,2.6894,5.0427,0.1681,1,soft_sl,823.5945,838.44,0.02325,0.868,daily:aligned|obv:aligned|funding_window|daily_close,19.16
ETH/USDT,2025-12-23 20:00:00,2025-12-24 00:00:00,short,2942.71,2939.72,1.967342,5786.37,4.6291,8.6796,0.2893,1,soft_sl,2939.718,2991.36,0.03888,0.972,daily:aligned|obv:against,-7.71
SOL/USDT,2026-01-14 04:00:00,2026-01-14 08:00:00,long,146.21,146.38,46.446214,6794.85,5.4359,10.1923,0.3397,1,soft_sl,146.38,143.57,0.05,1.25,market:trend|adx:trend|daily:aligned|obv:aligned,-8.07
SOL/USDT,2026-01-29 20:00:00,2026-01-30 00:00:00,short,116.75,116.5,46.252379,5394.26,4.3154,8.0914,0.2697,1,soft_sl,116.5035,119.01,0.04453,1.113,market:trend|adx:trend|daily:aligned|obv:aligned|rsi:cold_short,-1.28
ETH/USDT,2026-01-29 20:00:00,2026-01-30 00:00:00,short,2796.53,2789.28,1.348905,3767.36,3.0139,5.651,0.1884,1,soft_sl,2789.2795,2847.97,0.03039,1.134,daily:aligned|obv:aligned,0.93
SOL/USDT,2026-01-30 08:00:00,2026-01-30 12:00:00,short,115.72,114.75,42.799046,4931.97,3.9456,7.398,0.2466,1,soft_sl,114.751,117.49,0.045,1.125,market:trend|adx:strong|daily:aligned|obv:aligned|funding_window,29.88
ETH/USDT,2026-01-30 08:00:00,2026-01-30 12:00:00,short,2738.43,2712.56,1.205105,3284.51,2.6276,4.9268,0.1642,1,soft_sl,2712.5645,2777.73,0.03015,1.125,market:trend|adx:trend|daily:aligned|obv:aligned|funding_window,23.45
BNB/USDT,2026-02-05 00:00:00,2026-02-05 04:00:00,short,697.48,692.06,3.649313,2535.43,2.0283,3.8031,0.0,1,soft_sl,692.057,713.11,0.0292,0.73,adx:strong|daily:aligned|obv:aligned|vol:elevated|rsi:cold_short|funding_window|daily_close,13.96
ETH/USDT,2026-02-11 12:00:00,2026-02-11 16:00:00,short,1952.32,1908.88,1.776288,3429.31,2.7434,5.144,0.4227,1,soft_sl,1908.885,1969.53,0.04082,1.021,daily:aligned|obv:aligned|vol:elevated,68.84
BNB/USDT,2026-02-11 12:00:00,2026-02-11 16:00:00,short,592.58,588.98,5.070683,2995.67,2.3965,4.4935,0.0,1,soft_sl,588.9845,603.77,0.02842,1.06,adx:strong|daily:aligned|obv:aligned|rsi:cold_short,11.34
SOL/USDT,2026-02-11 20:00:00,2026-02-12 00:00:00,short,79.66,78.75,44.216535,3502.18,2.8017,5.2533,0.6738,1,soft_sl,78.7505,81.47,0.04491,1.123,adx:strong|daily:aligned|obv:aligned|vol:elevated,31.49
ETH/USDT,2026-02-11 20:00:00,2026-02-12 00:00:00,short,1951.26,1932.87,1.15309,2239.37,1.7915,3.3591,0.0571,1,soft_sl,1932.866,1996.4,0.02735,1.021,daily:aligned|obv:aligned|vol:elevated,16.0
SOL/USDT,2026-02-13 00:00:00,2026-02-13 04:00:00,short,78.37,77.62,37.369767,2914.69,2.3318,4.372,0.1172,1,soft_sl,77.622,80.11,0.03435,0.859,adx:strong|daily:aligned|obv:aligned|vol:elevated|funding_window|daily_close,21.13
ETH/USDT,2026-02-23 08:00:00,2026-02-23 12:00:00,short,1884.13,1876.88,3.426042,6442.69,5.1542,9.664,0.3221,1,soft_sl,1876.8795,1910.82,0.04287,1.072,adx:trend|daily:aligned|obv:aligned|funding_window,9.7
SOL/USDT,2026-02-24 08:00:00,2026-02-24 12:00:00,short,76.8,76.01,65.68506,5018.65,4.0149,7.528,0.2509,1,soft_sl,76.0095,77.87,0.045,1.125,market:trend|adx:strong|daily:aligned|obv:aligned|funding_window,40.13
ETH/USDT,2026-02-24 08:00:00,2026-02-24 12:00:00,short,1824.63,1814.88,2.183502,3973.44,3.1788,5.9602,0.1987,1,soft_sl,1814.8805,1852.41,0.03015,1.125,market:trend|adx:strong|daily:aligned|obv:aligned|funding_window,11.95
BNB/USDT,2026-03-18 20:00:00,2026-03-19 00:00:00,short,647.67,644.36,14.319497,9250.63,7.4005,13.876,0.4761,1,soft_sl,644.3635,653.94,0.05,1.25,market:trend|adx:trend|daily:aligned|obv:aligned,25.59
SOL/USDT,2026-03-19 20:00:00,2026-03-20 00:00:00,short,88.67,88.36,67.666411,5989.63,4.7917,8.9844,0.2995,1,soft_sl,88.364,90.4,0.05,1.25,market:trend|adx:strong|daily:aligned|obv:aligned,6.63
ETH/USDT,2026-03-19 20:00:00,2026-03-20 00:00:00,short,2139.99,2130.96,1.766664,3772.67,3.0181,5.659,0.1886,1,soft_sl,2130.963,2183.23,0.0335,1.25,market:trend|adx:strong|daily:aligned|obv:aligned,7.08
SOL/USDT,2026-03-23 04:00:00,2026-03-23 08:00:00,short,86.37,85.21,85.585921,7342.22,5.8738,11.0133,0.3671,1,soft_sl,85.2055,86.82,0.0499,1.247,adx:strong|daily:aligned|obv:aligned,82.41
SOL/USDT,2026-03-27 16:00:00,2026-03-27 20:00:00,short,83.25,81.98,68.095411,5625.82,4.5007,8.4387,0.2813,1,soft_sl,81.9835,83.84,0.045,1.125,market:trend|adx:trend|daily:aligned|obv:aligned|funding_window,73.02
ETH/USDT,2026-03-27 16:00:00,2026-03-27 20:00:00,short,1990.11,1975.88,1.946896,3860.69,3.0885,5.791,0.193,1,soft_sl,1975.881,2019.31,0.03015,1.125,market:trend|adx:trend|daily:aligned|obv:aligned|funding_window,18.63
BNB/USDT,2026-04-02 08:00:00,2026-04-02 12:00:00,short,592.07,579.6,15.181908,8894.1,7.1153,13.3411,0.0,1,soft_sl,579.6005,588.05,0.045,1.125,market:trend|adx:trend|daily:aligned|obv:aligned|funding_window,168.85
ETH/USDT,2026-04-12 00:00:00,2026-04-12 00:00:00,long,2283.86,2206.89,2.037616,4575.21,3.6602,6.8628,0.2288,1,soft_sl,2206.89,2168.4,0.02672,0.668,adx:strong|daily:aligned|obv:aligned|weekend|funding_window|daily_close,-167.59
ETH/USDT,2026-04-14 04:00:00,2026-04-14 08:00:00,long,2364.69,2385.35,3.209465,7622.55,6.098,11.4338,0.3811,1,soft_sl,2385.3535,2340.94,0.05,1.25,market:trend|adx:trend|daily:aligned|obv:aligned,48.41
ETH/USDT,2026-04-17 20:00:00,2026-04-18 00:00:00,long,2426.48,2439.37,3.066808,7461.32,5.9691,11.192,0.3731,1,soft_sl,2439.3745,2394.72,0.04763,1.191,adx:trend|daily:aligned|obv:aligned,22.01
BNB/USDT,2026-04-17 20:00:00,2026-04-18 00:00:00,long,641.84,644.69,12.613047,8113.52,6.4908,12.1703,0.4057,1,soft_sl,644.6875,637.05,0.0335,1.25,market:trend|adx:strong|daily:aligned|obv:aligned,16.85
